datetime,GID_1,gdp_ppp_departamento
2012-01-01,SLV_1,21.26082318381751
2012-04-01,SLV_1,21.2798687257
2012-07-01,SLV_1,21.28570984703511
2012-10-01,SLV_1,21.29599390062356
2013-01-01,SLV_1,21.28627795094507
2013-04-01,SLV_1,21.30986095488486
2013-07-01,SLV_1,21.33419363609192
2013-10-01,SLV_1,21.34648506964036
2014-01-01,SLV_1,21.36355810308845
2014-04-01,SLV_1,21.37748519898392
2014-07-01,SLV_1,21.38302056080339
2014-10-01,SLV_1,21.39060499954118
2015-01-01,SLV_1,21.42255893017038
2015-04-01,SLV_1,21.41959582580702
2015-07-01,SLV_1,21.44023107664369
2015-10-01,SLV_1,21.44528252215484
2016-01-01,SLV_1,21.439664136775
2016-04-01,SLV_1,21.47452972499613
2016-07-01,SLV_1,21.47598072327267
2016-10-01,SLV_1,21.48421379282597
2017-01-01,SLV_1,21.48355244917773
2017-04-01,SLV_1,21.50181771024217
2017-07-01,SLV_1,21.5103239253783
2017-10-01,SLV_1,21.52755100566823
2018-01-01,SLV_1,21.53605832786176
2018-04-01,SLV_1,21.55375190338875
2018-07-01,SLV_1,21.56511165576311
2018-10-01,SLV_1,21.57378732938341
2019-01-01,SLV_1,21.5885678291317
2019-04-01,SLV_1,21.6006365730142
2019-07-01,SLV_1,21.61151891198307
2019-10-01,SLV_1,21.61575299567929
2020-01-01,SLV_1,21.5896073810812
2020-04-01,SLV_1,21.37994514810553
2020-07-01,SLV_1,21.52364355021489
2020-10-01,SLV_1,21.60020590212667
2021-01-01,SLV_1,21.63816680285919
2021-04-01,SLV_1,21.65628560094968
2021-07-01,SLV_1,21.66649632010954
2021-10-01,SLV_1,21.67626323779756
2022-01-01,SLV_1,21.68476856717083
2022-04-01,SLV_1,21.68524606406978
2022-07-01,SLV_1,21.69000321971358
2022-10-01,SLV_1,21.68861453945207
2023-01-01,SLV_1,
2023-04-01,SLV_1,
2023-07-01,SLV_1,
2023-10-01,SLV_1,
2024-01-01,SLV_1,
2024-04-01,SLV_1,
2024-07-01,SLV_1,
2024-10-01,SLV_1,
2025-01-01,SLV_1,
2025-04-01,SLV_1,
2025-07-01,SLV_1,
2012-01-01,SLV_10,23.59649559897736
2012-04-01,SLV_10,23.60556369208826
2012-07-01,SLV_10,23.60835531728918
2012-10-01,SLV_10,23.61785968823154
2013-01-01,SLV_10,23.61587519613819
2013-04-01,SLV_10,23.63356595970935
2013-07-01,SLV_10,23.64707534825521
2013-10-01,SLV_10,23.64687396090462
2014-01-01,SLV_10,23.64562298255975
2014-04-01,SLV_10,23.64459542824709
2014-07-01,SLV_10,23.63951905339661
2014-10-01,SLV_10,23.63857992702212
2015-01-01,SLV_10,23.65987048067654
2015-04-01,SLV_10,23.65374312205794
2015-07-01,SLV_10,23.66756163605346
2015-10-01,SLV_10,23.66940975929584
2016-01-01,SLV_10,23.66319454206874
2016-04-01,SLV_10,23.68997225556187
2016-07-01,SLV_10,23.68883734325779
2016-10-01,SLV_10,23.69296581226083
2017-01-01,SLV_10,23.68930743456638
2017-04-01,SLV_10,23.69946380208554
2017-07-01,SLV_10,23.69944176767447
2017-10-01,SLV_10,23.70490412154463
2018-01-01,SLV_10,23.70093945597084
2018-04-01,SLV_10,23.70449745797248
2018-07-01,SLV_10,23.70201374718752
2018-10-01,SLV_10,23.69656476147312
2019-01-01,SLV_10,23.69614107659831
2019-04-01,SLV_10,23.6969733787974
2019-07-01,SLV_10,23.70040179076005
2019-10-01,SLV_10,23.70121305911195
2020-01-01,SLV_10,23.67698293985341
2020-04-01,SLV_10,23.4783140796404
2020-07-01,SLV_10,23.60766112931682
2020-10-01,SLV_10,23.67280912523563
2021-01-01,SLV_10,23.69949536389273
2021-04-01,SLV_10,23.71010759822736
2021-07-01,SLV_10,23.71578802719075
2021-10-01,SLV_10,23.72369699793638
2022-01-01,SLV_10,23.73296957289936
2022-04-01,SLV_10,23.73408572463275
2022-07-01,SLV_10,23.7390955778741
2022-10-01,SLV_10,23.7378050035152
2023-01-01,SLV_10,
2023-04-01,SLV_10,
2023-07-01,SLV_10,
2023-10-01,SLV_10,
2024-01-01,SLV_10,
2024-04-01,SLV_10,
2024-07-01,SLV_10,
2024-10-01,SLV_10,
2025-01-01,SLV_10,
2025-04-01,SLV_10,
2025-07-01,SLV_10,
2012-01-01,SLV_11,20.65121412884285
2012-04-01,SLV_11,20.66125955777146
2012-07-01,SLV_11,20.66300984212232
2012-10-01,SLV_11,20.67265465757083
2013-01-01,SLV_11,20.66750211602047
2013-04-01,SLV_11,20.68928000156167
2013-07-01,SLV_11,20.7080835623148
2013-10-01,SLV_11,20.71213013832059
2014-01-01,SLV_11,20.71714730934024
2014-04-01,SLV_11,20.72074829513888
2014-07-01,SLV_11,20.71775001957015
2014-10-01,SLV_11,20.71812871049911
2015-01-01,SLV_11,20.74380597972234
2015-04-01,SLV_11,20.73845681293452
2015-07-01,SLV_11,20.75934996177424
2015-10-01,SLV_11,20.76790175060873
2016-01-01,SLV_11,20.76897600666911
2016-04-01,SLV_11,20.80684982206294
2016-07-01,SLV_11,20.80982092842892
2016-10-01,SLV_11,20.81699845594406
2017-01-01,SLV_11,20.81320795159487
2017-04-01,SLV_11,20.82740377288525
2017-07-01,SLV_11,20.83169527069697
2017-10-01,SLV_11,20.84416787200668
2018-01-01,SLV_11,20.84769058229001
2018-04-01,SLV_11,20.86049341545289
2018-07-01,SLV_11,20.86719154505468
2018-10-01,SLV_11,20.8713581260637
2019-01-01,SLV_11,20.88181774905449
2019-04-01,SLV_11,20.89025948085135
2019-07-01,SLV_11,20.89818487965259
2019-10-01,SLV_11,20.90001084454728
2020-01-01,SLV_11,20.87148724660607
2020-04-01,SLV_11,20.65373650222456
2020-07-01,SLV_11,20.79729830990012
2020-10-01,SLV_11,20.87147163282721
2021-01-01,SLV_11,20.90543036950878
2021-04-01,SLV_11,20.92061856986182
2021-07-01,SLV_11,20.92918994746369
2021-10-01,SLV_11,20.93882650506907
2022-01-01,SLV_11,20.94863542612164
2022-04-01,SLV_11,20.94994626283119
2022-07-01,SLV_11,20.95554246899788
2022-10-01,SLV_11,20.95461462654648
2023-01-01,SLV_11,
2023-04-01,SLV_11,
2023-07-01,SLV_11,
2023-10-01,SLV_11,
2024-01-01,SLV_11,
2024-04-01,SLV_11,
2024-07-01,SLV_11,
2024-10-01,SLV_11,
2025-01-01,SLV_11,
2025-04-01,SLV_11,
2025-07-01,SLV_11,
2012-01-01,SLV_12,22.07526573492013
2012-04-01,SLV_12,22.08633133944124
2012-07-01,SLV_12,22.08990846242807
2012-10-01,SLV_12,22.10072412343606
2013-01-01,SLV_12,22.09822483017923
2013-04-01,SLV_12,22.12101711273811
2013-07-01,SLV_12,22.14199032624127
2013-10-01,SLV_12,22.15054998444733
2014-01-01,SLV_12,22.16090835102879
2014-04-01,SLV_12,22.1638195189033
2014-07-01,SLV_12,22.15467872048261
2014-10-01,SLV_12,22.14225584803576
2015-01-01,SLV_12,22.14674359240564
2015-04-01,SLV_12,22.12746322562284
2015-07-01,SLV_12,22.13790603394788
2015-10-01,SLV_12,22.14169501246186
2016-01-01,SLV_12,22.14326519258096
2016-04-01,SLV_12,22.17960246882186
2016-07-01,SLV_12,22.18208898504411
2016-10-01,SLV_12,22.18820066410111
2017-01-01,SLV_12,22.18337682804618
2017-04-01,SLV_12,22.19648837321723
2017-07-01,SLV_12,22.20072216309713
2017-10-01,SLV_12,22.21345908752757
2018-01-01,SLV_12,22.21822025161596
2018-04-01,SLV_12,22.23039011113335
2018-07-01,SLV_12,22.23523138048359
2018-10-01,SLV_12,22.23618688785583
2019-01-01,SLV_12,22.24179807850732
2019-04-01,SLV_12,22.24740656854996
2019-07-01,SLV_12,22.25441905415481
2019-10-01,SLV_12,22.25735594054211
2020-01-01,SLV_12,22.23270036702265
2020-04-01,SLV_12,22.02392998878608
2020-07-01,SLV_12,22.16166391831101
2020-10-01,SLV_12,22.23108663881636
2021-01-01,SLV_12,22.26003390712057
2021-04-01,SLV_12,22.27217109835717
2021-07-01,SLV_12,22.27918831087708
2021-10-01,SLV_12,22.28855752951945
2022-01-01,SLV_12,22.29936768738457
2022-04-01,SLV_12,22.30154631573219
2022-07-01,SLV_12,22.30762287661179
2022-10-01,SLV_12,22.30702444237936
2023-01-01,SLV_12,
2023-04-01,SLV_12,
2023-07-01,SLV_12,
2023-10-01,SLV_12,
2024-01-01,SLV_12,
2024-04-01,SLV_12,
2024-07-01,SLV_12,
2024-10-01,SLV_12,
2025-01-01,SLV_12,
2025-04-01,SLV_12,
2025-07-01,SLV_12,
2012-01-01,SLV_13,21.7931878318144
2012-04-01,SLV_13,21.80462093423026
2012-07-01,SLV_13,21.80759908060016
2012-10-01,SLV_13,21.81871134994937
2013-01-01,SLV_13,21.81474993978587
2013-04-01,SLV_13,21.83972622475435
2013-07-01,SLV_13,21.86297398585351
2013-10-01,SLV_13,21.87256386081413
2014-01-01,SLV_13,21.8844505013269
2014-04-01,SLV_13,21.89360664499235
2014-07-01,SLV_13,21.89495349191217
2014-10-01,SLV_13,21.8984394376625
2015-01-01,SLV_13,21.92567094445408
2015-04-01,SLV_13,21.92048673720923
2015-07-01,SLV_13,21.93945543071627
2015-10-01,SLV_13,21.94454857942425
2016-01-01,SLV_13,21.94051311657621
2016-04-01,SLV_13,21.97516723165168
2016-07-01,SLV_13,21.97686663826987
2016-10-01,SLV_13,21.98460590062722
2017-01-01,SLV_13,21.98318574132345
2017-04-01,SLV_13,21.99918558523032
2017-07-01,SLV_13,22.00477329676229
2017-10-01,SLV_13,22.01798267402907
2018-01-01,SLV_13,22.02178183849824
2018-04-01,SLV_13,22.03496145457494
2018-07-01,SLV_13,22.04222166009719
2018-10-01,SLV_13,22.04711624558794
2019-01-01,SLV_13,22.05840066516628
2019-04-01,SLV_13,22.06906941214514
2019-07-01,SLV_13,22.08057234560045
2019-10-01,SLV_13,22.08739034790542
2020-01-01,SLV_13,22.0659532118748
2020-04-01,SLV_13,21.86164856106592
2020-07-01,SLV_13,22.00552722185007
2020-10-01,SLV_13,22.08135066737893
2021-01-01,SLV_13,22.11760037314362
2021-04-01,SLV_13,22.13371703156016
2021-07-01,SLV_13,22.14148091117109
2021-10-01,SLV_13,22.14829507263176
2022-01-01,SLV_13,22.15334732260656
2022-04-01,SLV_13,22.15125881805424
2022-07-01,SLV_13,22.1543495907871
2022-10-01,SLV_13,22.15214056499327
2023-01-01,SLV_13,
2023-04-01,SLV_13,
2023-07-01,SLV_13,
2023-10-01,SLV_13,
2024-01-01,SLV_13,
2024-04-01,SLV_13,
2024-07-01,SLV_13,
2024-10-01,SLV_13,
2025-01-01,SLV_13,
2025-04-01,SLV_13,
2025-07-01,SLV_13,
2012-01-01,SLV_14,21.29733079160845
2012-04-01,SLV_14,21.30502316135611
2012-07-01,SLV_14,21.30531259774132
2012-10-01,SLV_14,21.31622674608667
2013-01-01,SLV_14,21.31243689584869
2013-04-01,SLV_14,21.33681928524318
2013-07-01,SLV_14,21.35612690277584
2013-10-01,SLV_14,21.35735596141272
2014-01-01,SLV_14,21.35797492350874
2014-04-01,SLV_14,21.35854181700529
2014-07-01,SLV_14,21.35321448103018
2014-10-01,SLV_14,21.35319155454879
2015-01-01,SLV_14,21.38306084539407
2015-04-01,SLV_14,21.38396034853482
2015-07-01,SLV_14,21.41951970778261
2015-10-01,SLV_14,21.44646116047382
2016-01-01,SLV_14,21.47022918350108
2016-04-01,SLV_14,21.52696211414662
2016-07-01,SLV_14,21.54232205460198
2016-10-01,SLV_14,21.55748022965024
2017-01-01,SLV_14,21.5572305766435
2017-04-01,SLV_14,21.57274089293334
2017-07-01,SLV_14,21.57592936292962
2017-10-01,SLV_14,21.58508355408639
2018-01-01,SLV_14,21.58292040473542
2018-04-01,SLV_14,21.59460574366339
2018-07-01,SLV_14,21.60439912571572
2018-10-01,SLV_14,21.61583431494773
2019-01-01,SLV_14,21.63761946891624
2019-04-01,SLV_14,21.65468555817468
2019-07-01,SLV_14,21.66869037883346
2019-10-01,SLV_14,21.67428330415953
2020-01-01,SLV_14,21.64788785810504
2020-04-01,SLV_14,21.43823687189948
2020-07-01,SLV_14,21.58009097856269
2020-10-01,SLV_14,21.65487721825765
2021-01-01,SLV_14,21.69087296691173
2021-04-01,SLV_14,21.70803942317801
2021-07-01,SLV_14,21.71823108673963
2021-10-01,SLV_14,21.72889403264153
2022-01-01,SLV_14,21.73918291002671
2022-04-01,SLV_14,21.74097849220222
2022-07-01,SLV_14,21.74659172899778
2022-10-01,SLV_14,21.74562415853043
2023-01-01,SLV_14,
2023-04-01,SLV_14,
2023-07-01,SLV_14,
2023-10-01,SLV_14,
2024-01-01,SLV_14,
2024-04-01,SLV_14,
2024-07-01,SLV_14,
2024-10-01,SLV_14,
2025-01-01,SLV_14,
2025-04-01,SLV_14,
2025-07-01,SLV_14,
2012-01-01,SLV_2,20.47616645606967
2012-04-01,SLV_2,20.47266938321312
2012-07-01,SLV_2,20.47842632800069
2012-10-01,SLV_2,20.51029990683003
2013-01-01,SLV_2,20.5431215373272
2013-04-01,SLV_2,20.5861362345578
2013-07-01,SLV_2,20.61016645398524
2013-10-01,SLV_2,20.60462207251085
2014-01-01,SLV_2,20.58489848244688
2014-04-01,SLV_2,20.57683907646258
2014-07-01,SLV_2,20.57535837773978
2014-10-01,SLV_2,20.59069843654456
2015-01-01,SLV_2,20.6438100309888
2015-04-01,SLV_2,20.65577942318693
2015-07-01,SLV_2,20.68384666410426
2015-10-01,SLV_2,20.69088259120027
2016-01-01,SLV_2,20.68177741656618
2016-04-01,SLV_2,20.71512430129969
2016-07-01,SLV_2,20.72050650251551
2016-10-01,SLV_2,20.73603809594846
2017-01-01,SLV_2,20.74681176599989
2017-04-01,SLV_2,20.76889008714096
2017-07-01,SLV_2,20.77581191092288
2017-10-01,SLV_2,20.78495117844728
2018-01-01,SLV_2,20.78011163389755
2018-04-01,SLV_2,20.78701356500594
2018-07-01,SLV_2,20.7908776198364
2018-10-01,SLV_2,20.79507532805994
2019-01-01,SLV_2,20.80808056788767
2019-04-01,SLV_2,20.82068525209075
2019-07-01,SLV_2,20.83428882068704
2019-10-01,SLV_2,20.84354596475398
2020-01-01,SLV_2,20.8257891835488
2020-04-01,SLV_2,20.63114456491429
2020-07-01,SLV_2,20.76767996320272
2020-10-01,SLV_2,20.83767545386225
2021-01-01,SLV_2,20.86799836639893
2021-04-01,SLV_2,20.88233290370444
2021-07-01,SLV_2,20.89186989319272
2021-10-01,SLV_2,20.90371384394827
2022-01-01,SLV_2,20.91698633298796
2022-04-01,SLV_2,20.92110908294488
2022-07-01,SLV_2,20.92793017774112
2022-10-01,SLV_2,20.9275075154896
2023-01-01,SLV_2,
2023-04-01,SLV_2,
2023-07-01,SLV_2,
2023-10-01,SLV_2,
2024-01-01,SLV_2,
2024-04-01,SLV_2,
2024-07-01,SLV_2,
2024-10-01,SLV_2,
2025-01-01,SLV_2,
2025-04-01,SLV_2,
2025-07-01,SLV_2,
2012-01-01,SLV_3,20.67951060362467
2012-04-01,SLV_3,20.686382123039
2012-07-01,SLV_3,20.68344452547577
2012-10-01,SLV_3,20.68597451715488
2013-01-01,SLV_3,20.67235122440862
2013-04-01,SLV_3,20.68826354887731
2013-07-01,SLV_3,20.70503629271807
2013-10-01,SLV_3,20.71108979916569
2014-01-01,SLV_3,20.72154733658026
2014-04-01,SLV_3,20.72757350642666
2014-07-01,SLV_3,20.72426505759564
2014-10-01,SLV_3,20.72117908808016
2015-01-01,SLV_3,20.73955221872741
2015-04-01,SLV_3,20.72958427816314
2015-07-01,SLV_3,20.74680826288472
2015-10-01,SLV_3,20.75364548365434
2016-01-01,SLV_3,20.75475952164272
2016-04-01,SLV_3,20.79162218235363
2016-07-01,SLV_3,20.79404692341738
2016-10-01,SLV_3,20.8003280292634
2017-01-01,SLV_3,20.79557995946577
2017-04-01,SLV_3,20.80893244356766
2017-07-01,SLV_3,20.81299112178426
2017-10-01,SLV_3,20.82551703638989
2018-01-01,SLV_3,20.82966334970534
2018-04-01,SLV_3,20.84265877083496
2018-07-01,SLV_3,20.84939759284152
2018-10-01,SLV_3,20.85339526490747
2019-01-01,SLV_3,20.86332510515552
2019-04-01,SLV_3,20.87485359414728
2019-07-01,SLV_3,20.88933809892884
2019-10-01,SLV_3,20.90125959857268
2020-01-01,SLV_3,20.88764197512851
2020-04-01,SLV_3,20.69493423614941
2020-07-01,SLV_3,20.83611512878985
2020-10-01,SLV_3,20.90895300896622
2021-01-01,SLV_3,20.94113083357189
2021-04-01,SLV_3,20.9555096782681
2021-07-01,SLV_3,20.96338800227567
2021-10-01,SLV_3,20.97192888201654
2022-01-01,SLV_3,20.98030959037526
2022-04-01,SLV_3,20.98079437232016
2022-07-01,SLV_3,20.98532903898716
2022-10-01,SLV_3,20.98379406991821
2023-01-01,SLV_3,
2023-04-01,SLV_3,
2023-07-01,SLV_3,
2023-10-01,SLV_3,
2024-01-01,SLV_3,
2024-04-01,SLV_3,
2024-07-01,SLV_3,
2024-10-01,SLV_3,
2025-01-01,SLV_3,
2025-04-01,SLV_3,
2025-07-01,SLV_3,
2012-01-01,SLV_4,21.10429405859411
2012-04-01,SLV_4,21.11915937499655
2012-07-01,SLV_4,21.12377687497214
2012-10-01,SLV_4,21.13494020042607
2013-01-01,SLV_4,21.12926469930624
2013-04-01,SLV_4,21.15475483746121
2013-07-01,SLV_4,21.1803414559011
2013-10-01,SLV_4,21.19393022881714
2014-01-01,SLV_4,21.21152636639298
2014-04-01,SLV_4,21.22486132065299
2014-07-01,SLV_4,21.22899731616045
2014-10-01,SLV_4,21.23385709209576
2015-01-01,SLV_4,21.26082720578282
2015-04-01,SLV_4,21.25562750393758
2015-07-01,SLV_4,21.27422877511917
2015-10-01,SLV_4,21.2790035140266
2016-01-01,SLV_4,21.27464124068214
2016-04-01,SLV_4,21.30882164594096
2016-07-01,SLV_4,21.31056547383862
2016-10-01,SLV_4,21.31849889649952
2017-01-01,SLV_4,21.3175626252849
2017-04-01,SLV_4,21.33435009661319
2017-07-01,SLV_4,21.34129367690964
2017-10-01,SLV_4,21.35621140854538
2018-01-01,SLV_4,21.36228143311325
2018-04-01,SLV_4,21.37690550039236
2018-07-01,SLV_4,21.38504870588227
2018-10-01,SLV_4,21.3902304889863
2019-01-01,SLV_4,21.4010599300608
2019-04-01,SLV_4,21.41144045873278
2019-07-01,SLV_4,21.42279122473126
2019-10-01,SLV_4,21.42968555122982
2020-01-01,SLV_4,21.40897896796699
2020-04-01,SLV_4,21.20813287510949
2020-07-01,SLV_4,21.3475171689638
2020-10-01,SLV_4,21.41970274079958
2021-01-01,SLV_4,21.45229240750415
2021-04-01,SLV_4,21.46688696011662
2021-07-01,SLV_4,21.47498813411746
2021-10-01,SLV_4,21.48388249578303
2022-01-01,SLV_4,21.49272985492113
2022-04-01,SLV_4,21.49350557691409
2022-07-01,SLV_4,21.49835356488679
2022-10-01,SLV_4,21.49699292881159
2023-01-01,SLV_4,
2023-04-01,SLV_4,
2023-07-01,SLV_4,
2023-10-01,SLV_4,
2024-01-01,SLV_4,
2024-04-01,SLV_4,
2024-07-01,SLV_4,
2024-10-01,SLV_4,
2025-01-01,SLV_4,
2025-04-01,SLV_4,
2025-07-01,SLV_4,
2012-01-01,SLV_5,22.65630237601059
2012-04-01,SLV_5,22.66244668963464
2012-07-01,SLV_5,22.6609757018037
2012-10-01,SLV_5,22.66545132537393
2013-01-01,SLV_5,22.65675153044914
2013-04-01,SLV_5,22.67074263562063
2013-07-01,SLV_5,22.68221544591295
2013-10-01,SLV_5,22.6809338364058
2014-01-01,SLV_5,22.68033725062782
2014-04-01,SLV_5,22.68252880600424
2014-07-01,SLV_5,22.68298326977336
2014-10-01,SLV_5,22.69033503703178
2015-01-01,SLV_5,22.72314109599928
2015-04-01,SLV_5,22.722376781204
2015-07-01,SLV_5,22.73720386182092
2015-10-01,SLV_5,22.73485354526521
2016-01-01,SLV_5,22.719204215771
2016-04-01,SLV_5,22.73997952803024
2016-07-01,SLV_5,22.73359174371733
2016-10-01,SLV_5,22.73470364657678
2017-01-01,SLV_5,22.72955162419238
2017-04-01,SLV_5,22.73946448568082
2017-07-01,SLV_5,22.73904744457614
2017-10-01,SLV_5,22.74487745830724
2018-01-01,SLV_5,22.74116519830165
2018-04-01,SLV_5,22.74726190718275
2018-07-01,SLV_5,22.74881691520351
2018-10-01,SLV_5,22.74911562882229
2019-01-01,SLV_5,22.75650026025418
2019-04-01,SLV_5,22.76258014377087
2019-07-01,SLV_5,22.76876145784795
2019-10-01,SLV_5,22.76970620873853
2020-01-01,SLV_5,22.74228500951176
2020-04-01,SLV_5,22.53249674504219
2020-07-01,SLV_5,22.66276187618442
2020-10-01,SLV_5,22.72570528508444
2021-01-01,SLV_5,22.74801314805772
2021-04-01,SLV_5,22.75539124505764
2021-07-01,SLV_5,22.75939021179409
2021-10-01,SLV_5,22.76751499804619
2022-01-01,SLV_5,22.77881105349176
2022-04-01,SLV_5,22.78124583930289
2022-07-01,SLV_5,22.78750910178328
2022-10-01,SLV_5,22.78689898244319
2023-01-01,SLV_5,
2023-04-01,SLV_5,
2023-07-01,SLV_5,
2023-10-01,SLV_5,
2024-01-01,SLV_5,
2024-04-01,SLV_5,
2024-07-01,SLV_5,
2024-10-01,SLV_5,
2025-01-01,SLV_5,
2025-04-01,SLV_5,
2025-07-01,SLV_5,
2012-01-01,SLV_6,21.45433392410737
2012-04-01,SLV_6,21.46659027558881
2012-07-01,SLV_6,21.47096850420514
2012-10-01,SLV_6,21.4832529748296
2013-01-01,SLV_6,21.48139665948104
2013-04-01,SLV_6,21.50531538609873
2013-07-01,SLV_6,21.52601288976535
2013-10-01,SLV_6,21.53218326687753
2014-01-01,SLV_6,21.53902477335586
2014-04-01,SLV_6,21.54555846874776
2014-07-01,SLV_6,21.54683255235646
2014-10-01,SLV_6,21.55238635284002
2015-01-01,SLV_6,21.58283863968804
2015-04-01,SLV_6,21.5810679664802
2015-07-01,SLV_6,21.60120668929995
2015-10-01,SLV_6,21.60700746511012
2016-01-01,SLV_6,21.60303591378725
2016-04-01,SLV_6,21.63610557139132
2016-07-01,SLV_6,21.63796184489325
2016-10-01,SLV_6,21.64575444057939
2017-01-01,SLV_6,21.64499460570195
2017-04-01,SLV_6,21.66078148760062
2017-07-01,SLV_6,21.66659868014473
2017-10-01,SLV_6,21.67962802259109
2018-01-01,SLV_6,21.68364540567205
2018-04-01,SLV_6,21.69606590286938
2018-07-01,SLV_6,21.70232499892142
2018-10-01,SLV_6,21.70581107192153
2019-01-01,SLV_6,21.71490301084753
2019-04-01,SLV_6,21.72395113219164
2019-07-01,SLV_6,21.73433051407627
2019-10-01,SLV_6,21.74072509471617
2020-01-01,SLV_6,21.72049239143871
2020-04-01,SLV_6,21.52406344374811
2020-07-01,SLV_6,21.65892172878323
2020-10-01,SLV_6,21.72809906874662
2021-01-01,SLV_6,21.75818993350401
2021-04-01,SLV_6,21.77120845601747
2021-07-01,SLV_6,21.77838188621794
2021-10-01,SLV_6,21.786864003179
2022-01-01,SLV_6,21.79581435977286
2022-04-01,SLV_6,21.79671366870535
2022-07-01,SLV_6,21.80153378453475
2022-10-01,SLV_6,21.80014193230521
2023-01-01,SLV_6,
2023-04-01,SLV_6,
2023-07-01,SLV_6,
2023-10-01,SLV_6,
2024-01-01,SLV_6,
2024-04-01,SLV_6,
2024-07-01,SLV_6,
2024-10-01,SLV_6,
2025-01-01,SLV_6,
2025-04-01,SLV_6,
2025-07-01,SLV_6,
2012-01-01,SLV_7,20.96729260753863
2012-04-01,SLV_7,20.96311967040102
2012-07-01,SLV_7,20.95568702341029
2012-10-01,SLV_7,20.95896750567252
2013-01-01,SLV_7,20.95325067426429
2013-04-01,SLV_7,20.96941246055194
2013-07-01,SLV_7,20.98149269620101
2013-10-01,SLV_7,20.9790256027675
2014-01-01,SLV_7,20.97581102441494
2014-04-01,SLV_7,20.97334468430393
2014-07-01,SLV_7,20.96693195753257
2014-10-01,SLV_7,20.96557838536265
2015-01-01,SLV_7,20.98917697004621
2015-04-01,SLV_7,20.98072726817355
2015-07-01,SLV_7,20.9923417155976
2015-10-01,SLV_7,20.98889460866173
2016-01-01,SLV_7,20.97452242300142
2016-04-01,SLV_7,20.99952540974918
2016-07-01,SLV_7,20.99576639409694
2016-10-01,SLV_7,21.00033864308155
2017-01-01,SLV_7,20.99859234864545
2017-04-01,SLV_7,21.01387205716837
2017-07-01,SLV_7,21.01931179867742
2017-10-01,SLV_7,21.0323184714874
2018-01-01,SLV_7,21.03643681089781
2018-04-01,SLV_7,21.04773461162291
2018-07-01,SLV_7,21.05146773588247
2018-10-01,SLV_7,21.05106446237578
2019-01-01,SLV_7,21.05509286802982
2019-04-01,SLV_7,21.06071874309187
2019-07-01,SLV_7,21.06933346364816
2019-10-01,SLV_7,21.07541594266736
2020-01-01,SLV_7,21.05557736871825
2020-04-01,SLV_7,20.84994171297517
2020-07-01,SLV_7,20.9849452499351
2020-10-01,SLV_7,21.04922778103634
2021-01-01,SLV_7,21.07037307018901
2021-04-01,SLV_7,21.0768092992035
2021-07-01,SLV_7,21.08010019547449
2021-10-01,SLV_7,21.08778371441762
2022-01-01,SLV_7,21.0988996096155
2022-04-01,SLV_7,21.10118145694083
2022-07-01,SLV_7,21.10739169222298
2022-10-01,SLV_7,21.10676297928217
2023-01-01,SLV_7,
2023-04-01,SLV_7,
2023-07-01,SLV_7,
2023-10-01,SLV_7,
2024-01-01,SLV_7,
2024-04-01,SLV_7,
2024-07-01,SLV_7,
2024-10-01,SLV_7,
2025-01-01,SLV_7,
2025-04-01,SLV_7,
2025-07-01,SLV_7,
2012-01-01,SLV_8,20.6923196151185
2012-04-01,SLV_8,20.70333346157204
2012-07-01,SLV_8,20.70586560659559
2012-10-01,SLV_8,20.71516465973798
2013-01-01,SLV_8,20.70988948894847
2013-04-01,SLV_8,20.73103949306716
2013-07-01,SLV_8,20.75043004621065
2013-10-01,SLV_8,20.7569418967293
2014-01-01,SLV_8,20.76536413253682
2014-04-01,SLV_8,20.77193367040929
2014-07-01,SLV_8,20.77185133553458
2014-10-01,SLV_8,20.77442569818153
2015-01-01,SLV_8,20.7999696850531
2015-04-01,SLV_8,20.78843755480569
2015-07-01,SLV_8,20.7932497426497
2015-10-01,SLV_8,20.77820168428017
2016-01-01,SLV_8,20.74693419609383
2016-04-01,SLV_8,20.76270584384908
2016-07-01,SLV_8,20.75306463733101
2016-10-01,SLV_8,20.75769969245712
2017-01-01,SLV_8,20.7608132418822
2017-04-01,SLV_8,20.78241284703829
2017-07-01,SLV_8,20.79366562013602
2017-10-01,SLV_8,20.81310444817922
2018-01-01,SLV_8,20.8233320626454
2018-04-01,SLV_8,20.84093744485716
2018-07-01,SLV_8,20.85052937667905
2018-10-01,SLV_8,20.8557772432946
2019-01-01,SLV_8,20.8655232696297
2019-04-01,SLV_8,20.87501333913924
2019-07-01,SLV_8,20.88569692379638
2019-10-01,SLV_8,20.89199860513021
2020-01-01,SLV_8,20.87012353521378
2020-04-01,SLV_8,20.66127165096662
2020-07-01,SLV_8,20.80292446754266
2020-10-01,SLV_8,20.87437578565059
2021-01-01,SLV_8,20.90427481253939
2021-04-01,SLV_8,20.91720028194922
2021-07-01,SLV_8,20.92495385107627
2021-10-01,SLV_8,20.93505847110813
2022-01-01,SLV_8,20.94659547845075
2022-04-01,SLV_8,20.9492365929671
2022-07-01,SLV_8,20.95556769042942
2022-10-01,SLV_8,20.95498024158746
2023-01-01,SLV_8,
2023-04-01,SLV_8,
2023-07-01,SLV_8,
2023-10-01,SLV_8,
2024-01-01,SLV_8,
2024-04-01,SLV_8,
2024-07-01,SLV_8,
2024-10-01,SLV_8,
2025-01-01,SLV_8,
2025-04-01,SLV_8,
2025-07-01,SLV_8,
2012-01-01,SLV_9,21.8652638619702
2012-04-01,SLV_9,21.87194644327039
2012-07-01,SLV_9,21.87251759993465
2012-10-01,SLV_9,21.88344970333714
2013-01-01,SLV_9,21.88158551066106
2013-04-01,SLV_9,21.90666364628753
2013-07-01,SLV_9,21.92825282495764
2013-10-01,SLV_9,21.93453243835213
2014-01-01,SLV_9,21.94142873719919
2014-04-01,SLV_9,21.94641336255132
2014-07-01,SLV_9,21.94429846184929
2014-10-01,SLV_9,21.94510551757088
2015-01-01,SLV_9,21.97081961839339
2015-04-01,SLV_9,21.96394270912461
2015-07-01,SLV_9,21.98200239654042
2015-10-01,SLV_9,21.98626735299433
2016-01-01,SLV_9,21.9815438740688
2016-04-01,SLV_9,22.01621825816906
2016-07-01,SLV_9,22.01716202100571
2016-10-01,SLV_9,22.02418001787103
2017-01-01,SLV_9,22.02173589662736
2017-04-01,SLV_9,22.03762341646258
2017-07-01,SLV_9,22.04335257184198
2017-10-01,SLV_9,22.05736290450926
2018-01-01,SLV_9,22.06222214502133
2018-04-01,SLV_9,22.07513341530946
2018-07-01,SLV_9,22.08050388444752
2018-10-01,SLV_9,22.08197360187594
2019-01-01,SLV_9,22.08856063583866
2019-04-01,SLV_9,22.09592018985964
2019-07-01,SLV_9,22.10551984656265
2019-10-01,SLV_9,22.11159684425816
2020-01-01,SLV_9,22.08964544930748
2020-04-01,SLV_9,21.87467475611238
2020-07-01,SLV_9,22.02166455811201
2020-10-01,SLV_9,22.09579606075264
2021-01-01,SLV_9,22.12709720223094
2021-04-01,SLV_9,22.13965008625916
2021-07-01,SLV_9,22.14562087070572
2021-10-01,SLV_9,22.15276267903927
2022-01-01,SLV_9,22.16017241848062
2022-04-01,SLV_9,22.1596435684723
2022-07-01,SLV_9,22.16419042274668
2022-10-01,SLV_9,22.16277009910026
2023-01-01,SLV_9,
2023-04-01,SLV_9,
2023-07-01,SLV_9,
2023-10-01,SLV_9,
2024-01-01,SLV_9,
2024-04-01,SLV_9,
2024-07-01,SLV_9,
2024-10-01,SLV_9,
2025-01-01,SLV_9,
2025-04-01,SLV_9,
2025-07-01,SLV_9,
