datetime,GID_1,poblacion_departamento
1992-01-01,SLV_1,261188.0
1992-04-01,SLV_1,262191.9255795686
1992-07-01,SLV_1,263195.8511591372
1992-10-01,SLV_1,264199.77673870587
1993-01-01,SLV_1,265203.7023182745
1993-04-01,SLV_1,266207.6278978431
1993-07-01,SLV_1,267211.55347741174
1993-10-01,SLV_1,268215.47905698034
1994-01-01,SLV_1,269219.40463654895
1994-04-01,SLV_1,270223.33021611755
1994-07-01,SLV_1,271227.25579568616
1994-10-01,SLV_1,272231.1813752548
1995-01-01,SLV_1,273235.10695482336
1995-04-01,SLV_1,274239.032534392
1995-07-01,SLV_1,275242.9581139606
1995-10-01,SLV_1,276246.88369352923
1996-01-01,SLV_1,277250.80927309784
1996-04-01,SLV_1,278254.73485266644
1996-07-01,SLV_1,279258.6604322351
1996-10-01,SLV_1,280262.5860118037
1997-01-01,SLV_1,281266.5115913723
1997-04-01,SLV_1,282270.4371709409
1997-07-01,SLV_1,283274.3627505095
1997-10-01,SLV_1,284278.2883300782
1998-01-01,SLV_1,285282.2139096468
1998-04-01,SLV_1,286286.1394892154
1998-07-01,SLV_1,287290.065068784
1998-10-01,SLV_1,288293.9906483526
1999-01-01,SLV_1,289297.9162279212
1999-04-01,SLV_1,290301.8418074898
1999-07-01,SLV_1,291305.7673870584
1999-10-01,SLV_1,292309.692966627
2000-01-01,SLV_1,293313.6185461956
2000-04-01,SLV_1,294317.5441257643
2000-07-01,SLV_1,295321.4697053329
2000-10-01,SLV_1,296325.3952849015
2001-01-01,SLV_1,297329.3208644701
2001-04-01,SLV_1,298333.2464440388
2001-07-01,SLV_1,299337.17202360736
2001-10-01,SLV_1,300341.097603176
2002-01-01,SLV_1,301345.02318274457
2002-04-01,SLV_1,302348.9487623132
2002-07-01,SLV_1,303352.8743418818
2002-10-01,SLV_1,304356.7999214504
2003-01-01,SLV_1,305360.725501019
2003-04-01,SLV_1,306364.65108058765
2003-07-01,SLV_1,307368.57666015625
2003-10-01,SLV_1,308372.50223972485
2004-01-01,SLV_1,309376.4278192935
2004-04-01,SLV_1,310380.3533988621
2004-07-01,SLV_1,311384.2789784307
2004-10-01,SLV_1,312388.2045579993
2005-01-01,SLV_1,313392.13013756793
2005-04-01,SLV_1,314396.05571713654
2005-07-01,SLV_1,315399.9812967052
2005-10-01,SLV_1,316403.9068762738
2006-01-01,SLV_1,317407.8324558424
2006-04-01,SLV_1,318411.758035411
2006-07-01,SLV_1,319415.6836149796
2006-10-01,SLV_1,320419.6091945483
2007-01-01,SLV_1,321423.5347741169
2007-04-01,SLV_1,322427.4603536855
2007-07-01,SLV_1,323431.3859332541
2007-10-01,SLV_1,324435.3115128227
2008-01-01,SLV_1,325439.2370923913
2008-04-01,SLV_1,326443.1626719599
2008-07-01,SLV_1,327447.08825152856
2008-10-01,SLV_1,328451.0138310972
2009-01-01,SLV_1,329454.9394106658
2009-04-01,SLV_1,330458.8649902344
2009-07-01,SLV_1,331462.790569803
2009-10-01,SLV_1,332466.7161493716
2010-01-01,SLV_1,333470.6417289402
2010-04-01,SLV_1,334474.5673085088
2010-07-01,SLV_1,335478.4928880774
2010-10-01,SLV_1,336482.41846764606
2011-01-01,SLV_1,337486.34404721466
2011-04-01,SLV_1,338490.26962678327
2011-07-01,SLV_1,339494.1952063519
2011-10-01,SLV_1,340498.12078592053
2012-01-01,SLV_1,341502.04636548914
2012-04-01,SLV_1,342505.97194505774
2012-07-01,SLV_1,343509.89752462634
2012-10-01,SLV_1,344513.823104195
2013-01-01,SLV_1,345517.7486837636
2013-04-01,SLV_1,346521.6742633322
2013-07-01,SLV_1,347525.5998429008
2013-10-01,SLV_1,348529.5254224694
2014-01-01,SLV_1,349533.451002038
2014-04-01,SLV_1,350537.37658160663
2014-07-01,SLV_1,351541.3021611753
2014-10-01,SLV_1,352545.2277407439
2015-01-01,SLV_1,353549.1533203125
2015-04-01,SLV_1,353807.2512207031
2015-07-01,SLV_1,354065.3491210937
2015-10-01,SLV_1,354323.4470214844
2016-01-01,SLV_1,354581.544921875
2016-04-01,SLV_1,354814.5126953125
2016-07-01,SLV_1,355047.48046875
2016-10-01,SLV_1,355280.4482421875
2017-01-01,SLV_1,355513.416015625
2017-04-01,SLV_1,355645.6394042969
2017-07-01,SLV_1,355777.86279296875
2017-10-01,SLV_1,355910.0861816406
2018-01-01,SLV_1,356042.3095703125
2018-04-01,SLV_1,356090.5048828125
2018-07-01,SLV_1,356138.7001953125
2018-10-01,SLV_1,356186.8955078125
2019-01-01,SLV_1,356235.0908203125
2019-04-01,SLV_1,356259.4948730469
2019-07-01,SLV_1,356283.89892578125
2019-10-01,SLV_1,356308.3029785156
2020-01-01,SLV_1,356332.70703125
2020-04-01,SLV_1,356663.1076660156
2020-07-01,SLV_1,356993.50830078125
2020-10-01,SLV_1,357323.9089355469
2021-01-01,SLV_1,357654.3095703125
2021-04-01,SLV_1,357929.8430175781
2021-07-01,SLV_1,358205.3764648437
2021-10-01,SLV_1,358480.9099121094
2022-01-01,SLV_1,358756.443359375
2022-04-01,SLV_1,359185.3034667969
2022-07-01,SLV_1,359614.16357421875
2022-10-01,SLV_1,360043.0236816406
2023-01-01,SLV_1,360471.8837890625
2023-04-01,SLV_1,360884.3532714844
2023-07-01,SLV_1,361296.8227539063
2023-10-01,SLV_1,361709.2922363281
2024-01-01,SLV_1,362121.76171875
2024-04-01,SLV_1,362530.01708984375
2024-07-01,SLV_1,362938.2724609375
2024-10-01,SLV_1,363346.5278320313
2025-01-01,SLV_1,363754.783203125
2025-04-01,SLV_1,364131.0383300781
2025-07-01,SLV_1,364507.2934570313
2025-10-01,SLV_1,364883.5485839844
2026-01-01,SLV_1,365259.8037109375
2026-04-01,SLV_1,365623.27880859375
2026-07-01,SLV_1,365986.75390625
2026-10-01,SLV_1,366350.2290039063
2027-01-01,SLV_1,366713.7041015625
2027-04-01,SLV_1,367074.3864746094
2027-07-01,SLV_1,367435.06884765625
2027-10-01,SLV_1,367795.7512207031
2028-01-01,SLV_1,368156.43359375
2028-04-01,SLV_1,368500.0932617188
2028-07-01,SLV_1,368843.7529296875
2028-10-01,SLV_1,369187.41259765625
2029-01-01,SLV_1,369531.072265625
2029-04-01,SLV_1,369862.9267578125
2029-07-01,SLV_1,370194.78125
2029-10-01,SLV_1,370526.6357421875
2030-01-01,SLV_1,370858.490234375
2030-04-01,SLV_1,656175.1176757812
2030-07-01,SLV_1,941491.7451171876
2030-10-01,SLV_1,1226808.3725585938
1992-01-01,SLV_10,1512125.0
1992-04-01,SLV_10,1513886.2286791594
1992-07-01,SLV_10,1515647.4573583188
1992-10-01,SLV_10,1517408.6860374785
1993-01-01,SLV_10,1519169.9147166377
1993-04-01,SLV_10,1520931.1433957971
1993-07-01,SLV_10,1522692.3720749563
1993-10-01,SLV_10,1524453.600754116
1994-01-01,SLV_10,1526214.8294332754
1994-04-01,SLV_10,1527976.0581124348
1994-07-01,SLV_10,1529737.2867915942
1994-10-01,SLV_10,1531498.5154707537
1995-01-01,SLV_10,1533259.744149913
1995-04-01,SLV_10,1535020.9728290725
1995-07-01,SLV_10,1536782.201508232
1995-10-01,SLV_10,1538543.4301873911
1996-01-01,SLV_10,1540304.6588665503
1996-04-01,SLV_10,1542065.88754571
1996-07-01,SLV_10,1543827.1162248694
1996-10-01,SLV_10,1545588.3449040288
1997-01-01,SLV_10,1547349.5735831882
1997-04-01,SLV_10,1549110.8022623477
1997-07-01,SLV_10,1550872.030941507
1997-10-01,SLV_10,1552633.2596206665
1998-01-01,SLV_10,1554394.488299826
1998-04-01,SLV_10,1556155.7169789854
1998-07-01,SLV_10,1557916.9456581448
1998-10-01,SLV_10,1559678.1743373042
1999-01-01,SLV_10,1561439.4030164636
1999-04-01,SLV_10,1563200.631695623
1999-07-01,SLV_10,1564961.8603747825
1999-10-01,SLV_10,1566723.089053942
2000-01-01,SLV_10,1568484.3177331013
2000-04-01,SLV_10,1570245.5464122607
2000-07-01,SLV_10,1572006.77509142
2000-10-01,SLV_10,1573768.0037705794
2001-01-01,SLV_10,1575529.2324497388
2001-04-01,SLV_10,1577290.4611288982
2001-07-01,SLV_10,1579051.6898080576
2001-10-01,SLV_10,1580812.9184872173
2002-01-01,SLV_10,1582574.1471663767
2002-04-01,SLV_10,1584335.375845536
2002-07-01,SLV_10,1586096.6045246953
2002-10-01,SLV_10,1587857.8332038547
2003-01-01,SLV_10,1589619.0618830142
2003-04-01,SLV_10,1591380.2905621736
2003-07-01,SLV_10,1593141.519241333
2003-10-01,SLV_10,1594902.7479204924
2004-01-01,SLV_10,1596663.976599652
2004-04-01,SLV_10,1598425.2052788113
2004-07-01,SLV_10,1600186.4339579707
2004-10-01,SLV_10,1601947.66263713
2005-01-01,SLV_10,1603708.8913162895
2005-04-01,SLV_10,1605470.119995449
2005-07-01,SLV_10,1607231.3486746084
2005-10-01,SLV_10,1608992.5773537678
2006-01-01,SLV_10,1610753.8060329272
2006-04-01,SLV_10,1612515.034712087
2006-07-01,SLV_10,1614276.263391246
2006-10-01,SLV_10,1616037.4920704055
2007-01-01,SLV_10,1617798.720749565
2007-04-01,SLV_10,1619559.9494287244
2007-07-01,SLV_10,1621321.1781078838
2007-10-01,SLV_10,1623082.406787043
2008-01-01,SLV_10,1624843.6354662024
2008-04-01,SLV_10,1626604.8641453618
2008-07-01,SLV_10,1628366.0928245212
2008-10-01,SLV_10,1630127.321503681
2009-01-01,SLV_10,1631888.55018284
2009-04-01,SLV_10,1633649.7788619995
2009-07-01,SLV_10,1635411.007541159
2009-10-01,SLV_10,1637172.2362203184
2010-01-01,SLV_10,1638933.4648994778
2010-04-01,SLV_10,1640694.6935786372
2010-07-01,SLV_10,1642455.9222577966
2010-10-01,SLV_10,1644217.150936956
2011-01-01,SLV_10,1645978.3796161157
2011-04-01,SLV_10,1647739.608295275
2011-07-01,SLV_10,1649500.8369744343
2011-10-01,SLV_10,1651262.0656535935
2012-01-01,SLV_10,1653023.2943327532
2012-04-01,SLV_10,1654784.5230119126
2012-07-01,SLV_10,1656545.7516910718
2012-10-01,SLV_10,1658306.9803702312
2013-01-01,SLV_10,1660068.2090493906
2013-04-01,SLV_10,1661829.43772855
2013-07-01,SLV_10,1663590.6664077097
2013-10-01,SLV_10,1665351.895086869
2014-01-01,SLV_10,1667113.1237660283
2014-04-01,SLV_10,1668874.3524451875
2014-07-01,SLV_10,1670635.5811243472
2014-10-01,SLV_10,1672396.8098035066
2015-01-01,SLV_10,1674158.038482666
2015-04-01,SLV_10,1675372.022922516
2015-07-01,SLV_10,1676586.0073623655
2015-10-01,SLV_10,1677799.9918022156
2016-01-01,SLV_10,1679013.9762420654
2016-04-01,SLV_10,1680110.7729530334
2016-07-01,SLV_10,1681207.5696640017
2016-10-01,SLV_10,1682304.3663749697
2017-01-01,SLV_10,1683401.1630859375
2017-04-01,SLV_10,1684020.0912590027
2017-07-01,SLV_10,1684639.019432068
2017-10-01,SLV_10,1685257.947605133
2018-01-01,SLV_10,1685876.8757781982
2018-04-01,SLV_10,1686097.7970809937
2018-07-01,SLV_10,1686318.718383789
2018-10-01,SLV_10,1686539.6396865845
2019-01-01,SLV_10,1686760.56098938
2019-04-01,SLV_10,1686869.664741516
2019-07-01,SLV_10,1686978.7684936523
2019-10-01,SLV_10,1687087.8722457886
2020-01-01,SLV_10,1687196.9759979248
2020-04-01,SLV_10,1688752.785484314
2020-07-01,SLV_10,1690308.5949707031
2020-10-01,SLV_10,1691864.4044570923
2021-01-01,SLV_10,1693420.2139434814
2021-04-01,SLV_10,1694715.98787117
2021-07-01,SLV_10,1696011.7617988586
2021-10-01,SLV_10,1697307.5357265472
2022-01-01,SLV_10,1698603.3096542358
2022-04-01,SLV_10,1700623.847257614
2022-07-01,SLV_10,1702644.3848609924
2022-10-01,SLV_10,1704664.9224643707
2023-01-01,SLV_10,1706685.460067749
2023-04-01,SLV_10,1708626.48538208
2023-07-01,SLV_10,1710567.5106964111
2023-10-01,SLV_10,1712508.5360107422
2024-01-01,SLV_10,1714449.5613250732
2024-04-01,SLV_10,1716369.68277359
2024-07-01,SLV_10,1718289.804222107
2024-10-01,SLV_10,1720209.9256706238
2025-01-01,SLV_10,1722130.0471191406
2025-04-01,SLV_10,1723900.3278808594
2025-07-01,SLV_10,1725670.608642578
2025-10-01,SLV_10,1727440.8894042969
2026-01-01,SLV_10,1729211.1701660156
2026-04-01,SLV_10,1730919.837268829
2026-07-01,SLV_10,1732628.504371643
2026-10-01,SLV_10,1734337.1714744568
2027-01-01,SLV_10,1736045.8385772705
2027-04-01,SLV_10,1737739.579486847
2027-07-01,SLV_10,1739433.320396423
2027-10-01,SLV_10,1741127.0613059998
2028-01-01,SLV_10,1742820.8022155762
2028-04-01,SLV_10,1744434.9956645966
2028-07-01,SLV_10,1746049.189113617
2028-10-01,SLV_10,1747663.382562637
2029-01-01,SLV_10,1749277.5760116577
2029-04-01,SLV_10,1750834.522638321
2029-07-01,SLV_10,1752391.469264984
2029-10-01,SLV_10,1753948.415891647
2030-01-01,SLV_10,1755505.3625183103
2030-04-01,SLV_10,1352379.771888733
2030-07-01,SLV_10,949254.1812591552
2030-10-01,SLV_10,546128.5906295776
1992-01-01,SLV_11,143003.0
1992-04-01,SLV_11,143298.51733398438
1992-07-01,SLV_11,143594.03466796875
1992-10-01,SLV_11,143889.55200195312
1993-01-01,SLV_11,144185.0693359375
1993-04-01,SLV_11,144480.58666992188
1993-07-01,SLV_11,144776.10400390625
1993-10-01,SLV_11,145071.62133789062
1994-01-01,SLV_11,145367.138671875
1994-04-01,SLV_11,145662.65600585938
1994-07-01,SLV_11,145958.17333984375
1994-10-01,SLV_11,146253.69067382812
1995-01-01,SLV_11,146549.2080078125
1995-04-01,SLV_11,146844.72534179688
1995-07-01,SLV_11,147140.24267578125
1995-10-01,SLV_11,147435.76000976562
1996-01-01,SLV_11,147731.27734375
1996-04-01,SLV_11,148026.79467773438
1996-07-01,SLV_11,148322.31201171875
1996-10-01,SLV_11,148617.82934570312
1997-01-01,SLV_11,148913.3466796875
1997-04-01,SLV_11,149208.86401367188
1997-07-01,SLV_11,149504.38134765625
1997-10-01,SLV_11,149799.89868164062
1998-01-01,SLV_11,150095.416015625
1998-04-01,SLV_11,150390.93334960938
1998-07-01,SLV_11,150686.45068359375
1998-10-01,SLV_11,150981.96801757812
1999-01-01,SLV_11,151277.4853515625
1999-04-01,SLV_11,151573.00268554688
1999-07-01,SLV_11,151868.52001953125
1999-10-01,SLV_11,152164.03735351562
2000-01-01,SLV_11,152459.5546875
2000-04-01,SLV_11,152755.07202148438
2000-07-01,SLV_11,153050.58935546875
2000-10-01,SLV_11,153346.10668945312
2001-01-01,SLV_11,153641.6240234375
2001-04-01,SLV_11,153937.14135742188
2001-07-01,SLV_11,154232.65869140625
2001-10-01,SLV_11,154528.17602539062
2002-01-01,SLV_11,154823.693359375
2002-04-01,SLV_11,155119.21069335938
2002-07-01,SLV_11,155414.72802734375
2002-10-01,SLV_11,155710.24536132812
2003-01-01,SLV_11,156005.7626953125
2003-04-01,SLV_11,156301.28002929688
2003-07-01,SLV_11,156596.79736328125
2003-10-01,SLV_11,156892.31469726562
2004-01-01,SLV_11,157187.83203125
2004-04-01,SLV_11,157483.34936523438
2004-07-01,SLV_11,157778.86669921875
2004-10-01,SLV_11,158074.38403320312
2005-01-01,SLV_11,158369.9013671875
2005-04-01,SLV_11,158665.41870117188
2005-07-01,SLV_11,158960.93603515625
2005-10-01,SLV_11,159256.45336914062
2006-01-01,SLV_11,159551.970703125
2006-04-01,SLV_11,159847.48803710938
2006-07-01,SLV_11,160143.00537109375
2006-10-01,SLV_11,160438.52270507812
2007-01-01,SLV_11,160734.0400390625
2007-04-01,SLV_11,161029.55737304688
2007-07-01,SLV_11,161325.07470703125
2007-10-01,SLV_11,161620.59204101562
2008-01-01,SLV_11,161916.109375
2008-04-01,SLV_11,162211.62670898438
2008-07-01,SLV_11,162507.14404296875
2008-10-01,SLV_11,162802.66137695312
2009-01-01,SLV_11,163098.1787109375
2009-04-01,SLV_11,163393.69604492188
2009-07-01,SLV_11,163689.21337890625
2009-10-01,SLV_11,163984.73071289062
2010-01-01,SLV_11,164280.248046875
2010-04-01,SLV_11,164575.76538085938
2010-07-01,SLV_11,164871.28271484375
2010-10-01,SLV_11,165166.80004882812
2011-01-01,SLV_11,165462.3173828125
2011-04-01,SLV_11,165757.83471679688
2011-07-01,SLV_11,166053.35205078125
2011-10-01,SLV_11,166348.86938476562
2012-01-01,SLV_11,166644.38671875
2012-04-01,SLV_11,166939.90405273438
2012-07-01,SLV_11,167235.42138671875
2012-10-01,SLV_11,167530.93872070312
2013-01-01,SLV_11,167826.4560546875
2013-04-01,SLV_11,168121.97338867188
2013-07-01,SLV_11,168417.49072265625
2013-10-01,SLV_11,168713.00805664062
2014-01-01,SLV_11,169008.525390625
2014-04-01,SLV_11,169304.04272460938
2014-07-01,SLV_11,169599.56005859375
2014-10-01,SLV_11,169895.07739257812
2015-01-01,SLV_11,170190.5947265625
2015-04-01,SLV_11,170314.06658935547
2015-07-01,SLV_11,170437.53845214844
2015-10-01,SLV_11,170561.0103149414
2016-01-01,SLV_11,170684.48217773438
2016-04-01,SLV_11,170796.11096191406
2016-07-01,SLV_11,170907.73974609375
2016-10-01,SLV_11,171019.36853027344
2017-01-01,SLV_11,171130.99731445312
2017-04-01,SLV_11,171193.998046875
2017-07-01,SLV_11,171256.99877929688
2017-10-01,SLV_11,171319.99951171875
2018-01-01,SLV_11,171383.00024414062
2018-04-01,SLV_11,171405.48321533203
2018-07-01,SLV_11,171427.96618652344
2018-10-01,SLV_11,171450.44915771484
2019-01-01,SLV_11,171472.93212890625
2019-04-01,SLV_11,171484.0361328125
2019-07-01,SLV_11,171495.14013671875
2019-10-01,SLV_11,171506.244140625
2020-01-01,SLV_11,171517.34814453125
2020-04-01,SLV_11,171675.7393798828
2020-07-01,SLV_11,171834.13061523438
2020-10-01,SLV_11,171992.52185058594
2021-01-01,SLV_11,172150.9130859375
2021-04-01,SLV_11,172282.84594726562
2021-07-01,SLV_11,172414.77880859375
2021-10-01,SLV_11,172546.71166992188
2022-01-01,SLV_11,172678.64453125
2022-04-01,SLV_11,172884.15435791016
2022-07-01,SLV_11,173089.6641845703
2022-10-01,SLV_11,173295.17401123047
2023-01-01,SLV_11,173500.68383789062
2023-04-01,SLV_11,173698.10522460938
2023-07-01,SLV_11,173895.52661132812
2023-10-01,SLV_11,174092.94799804688
2024-01-01,SLV_11,174290.36938476562
2024-04-01,SLV_11,174485.66595458984
2024-07-01,SLV_11,174680.96252441406
2024-10-01,SLV_11,174876.25909423828
2025-01-01,SLV_11,175071.5556640625
2025-04-01,SLV_11,175251.60638427734
2025-07-01,SLV_11,175431.6571044922
2025-10-01,SLV_11,175611.70782470703
2026-01-01,SLV_11,175791.75854492188
2026-04-01,SLV_11,175965.58502197266
2026-07-01,SLV_11,176139.41149902344
2026-10-01,SLV_11,176313.23797607422
2027-01-01,SLV_11,176487.064453125
2027-04-01,SLV_11,176659.35723876953
2027-07-01,SLV_11,176831.65002441406
2027-10-01,SLV_11,177003.9428100586
2028-01-01,SLV_11,177176.23559570312
2028-04-01,SLV_11,177340.31243896484
2028-07-01,SLV_11,177504.38928222656
2028-10-01,SLV_11,177668.46612548828
2029-01-01,SLV_11,177832.54296875
2029-04-01,SLV_11,177990.85595703125
2029-07-01,SLV_11,178149.1689453125
2029-10-01,SLV_11,178307.48193359375
2030-01-01,SLV_11,178465.794921875
2030-04-01,SLV_11,248496.09619140625
2030-07-01,SLV_11,318526.3974609375
2030-10-01,SLV_11,388556.6987304687
1992-01-01,SLV_12,458587.0
1992-04-01,SLV_12,459500.2660041477
1992-07-01,SLV_12,460413.5320082954
1992-10-01,SLV_12,461326.7980124431
1993-01-01,SLV_12,462240.0640165909
1993-04-01,SLV_12,463153.33002073865
1993-07-01,SLV_12,464066.5960248864
1993-10-01,SLV_12,464979.8620290341
1994-01-01,SLV_12,465893.1280331819
1994-04-01,SLV_12,466806.3940373296
1994-07-01,SLV_12,467719.66004147736
1994-10-01,SLV_12,468632.9260456251
1995-01-01,SLV_12,469546.1920497728
1995-04-01,SLV_12,470459.4580539205
1995-07-01,SLV_12,471372.7240580683
1995-10-01,SLV_12,472285.99006221606
1996-01-01,SLV_12,473199.25606636377
1996-04-01,SLV_12,474112.5220705115
1996-07-01,SLV_12,475025.7880746592
1996-10-01,SLV_12,475939.054078807
1997-01-01,SLV_12,476852.3200829547
1997-04-01,SLV_12,477765.5860871024
1997-07-01,SLV_12,478678.8520912502
1997-10-01,SLV_12,479592.118095398
1998-01-01,SLV_12,480505.38409954566
1998-04-01,SLV_12,481418.65010369336
1998-07-01,SLV_12,482331.9161078411
1998-10-01,SLV_12,483245.1821119889
1999-01-01,SLV_12,484158.4481161366
1999-04-01,SLV_12,485071.7141202843
1999-07-01,SLV_12,485984.98012443207
1999-10-01,SLV_12,486898.24612857983
2000-01-01,SLV_12,487811.51213272754
2000-04-01,SLV_12,488724.7781368753
2000-07-01,SLV_12,489638.0441410231
2000-10-01,SLV_12,490551.3101451708
2001-01-01,SLV_12,491464.57614931854
2001-04-01,SLV_12,492377.8421534663
2001-07-01,SLV_12,493291.108157614
2001-10-01,SLV_12,494204.3741617617
2002-01-01,SLV_12,495117.6401659095
2002-04-01,SLV_12,496030.9061700573
2002-07-01,SLV_12,496944.17217420496
2002-10-01,SLV_12,497857.4381783527
2003-01-01,SLV_12,498770.7041825004
2003-04-01,SLV_12,499683.9701866481
2003-07-01,SLV_12,500597.2361907959
2003-10-01,SLV_12,501510.5021949436
2004-01-01,SLV_12,502423.7681990913
2004-04-01,SLV_12,503337.0342032391
2004-07-01,SLV_12,504250.3002073869
2004-10-01,SLV_12,505163.56621153455
2005-01-01,SLV_12,506076.8322156823
2005-04-01,SLV_12,506990.0982198301
2005-07-01,SLV_12,507903.3642239778
2005-10-01,SLV_12,508816.6302281255
2006-01-01,SLV_12,509729.89623227326
2006-04-01,SLV_12,510643.162236421
2006-07-01,SLV_12,511556.4282405687
2006-10-01,SLV_12,512469.6942447165
2007-01-01,SLV_12,513382.96024886426
2007-04-01,SLV_12,514296.226253012
2007-07-01,SLV_12,515209.49225715967
2007-10-01,SLV_12,516122.7582613074
2008-01-01,SLV_12,517036.0242654552
2008-04-01,SLV_12,517949.2902696029
2008-07-01,SLV_12,518862.5562737506
2008-10-01,SLV_12,519775.8222778984
2009-01-01,SLV_12,520689.0882820461
2009-04-01,SLV_12,521602.35428619385
2009-07-01,SLV_12,522515.6202903416
2009-10-01,SLV_12,523428.88629448926
2010-01-01,SLV_12,524342.152298637
2010-04-01,SLV_12,525255.4183027847
2010-07-01,SLV_12,526168.6843069325
2010-10-01,SLV_12,527081.9503110803
2011-01-01,SLV_12,527995.216315228
2011-04-01,SLV_12,528908.4823193757
2011-07-01,SLV_12,529821.7483235234
2011-10-01,SLV_12,530735.0143276713
2012-01-01,SLV_12,531648.280331819
2012-04-01,SLV_12,532561.5463359667
2012-07-01,SLV_12,533474.8123401145
2012-10-01,SLV_12,534388.0783442622
2013-01-01,SLV_12,535301.3443484099
2013-04-01,SLV_12,536214.6103525576
2013-07-01,SLV_12,537127.8763567053
2013-10-01,SLV_12,538041.1423608531
2014-01-01,SLV_12,538954.4083650009
2014-04-01,SLV_12,539867.6743691486
2014-07-01,SLV_12,540780.9403732964
2014-10-01,SLV_12,541694.2063774441
2015-01-01,SLV_12,542607.4723815918
2015-04-01,SLV_12,543002.0003204346
2015-07-01,SLV_12,543396.5282592773
2015-10-01,SLV_12,543791.0561981201
2016-01-01,SLV_12,544185.5841369629
2016-04-01,SLV_12,544542.2364311218
2016-07-01,SLV_12,544898.8887252808
2016-10-01,SLV_12,545255.5410194397
2017-01-01,SLV_12,545612.1933135986
2017-04-01,SLV_12,545813.8878288269
2017-07-01,SLV_12,546015.5823440552
2017-10-01,SLV_12,546217.2768592834
2018-01-01,SLV_12,546418.9713745117
2018-04-01,SLV_12,546491.6478462219
2018-07-01,SLV_12,546564.3243179321
2018-10-01,SLV_12,546637.0007896423
2019-01-01,SLV_12,546709.6772613525
2019-04-01,SLV_12,546746.0432510376
2019-07-01,SLV_12,546782.4092407227
2019-10-01,SLV_12,546818.7752304077
2020-01-01,SLV_12,546855.1412200928
2020-04-01,SLV_12,547359.951877594
2020-07-01,SLV_12,547864.7625350952
2020-10-01,SLV_12,548369.5731925964
2021-01-01,SLV_12,548874.3838500977
2021-04-01,SLV_12,549294.7936401367
2021-07-01,SLV_12,549715.2034301758
2021-10-01,SLV_12,550135.6132202148
2022-01-01,SLV_12,550556.0230102539
2022-04-01,SLV_12,551211.7611846924
2022-07-01,SLV_12,551867.4993591309
2022-10-01,SLV_12,552523.2375335693
2023-01-01,SLV_12,553178.9757080078
2023-04-01,SLV_12,553809.1229820251
2023-07-01,SLV_12,554439.2702560425
2023-10-01,SLV_12,555069.4175300598
2024-01-01,SLV_12,555699.5648040771
2024-04-01,SLV_12,556322.6876335144
2024-07-01,SLV_12,556945.8104629517
2024-10-01,SLV_12,557568.9332923889
2025-01-01,SLV_12,558192.0561218262
2025-04-01,SLV_12,558766.9039001465
2025-07-01,SLV_12,559341.7516784668
2025-10-01,SLV_12,559916.5994567871
2026-01-01,SLV_12,560491.4472351074
2026-04-01,SLV_12,561046.2350158691
2026-07-01,SLV_12,561601.0227966309
2026-10-01,SLV_12,562155.8105773926
2027-01-01,SLV_12,562710.5983581543
2027-04-01,SLV_12,563260.6905059814
2027-07-01,SLV_12,563810.7826538086
2027-10-01,SLV_12,564360.8748016357
2028-01-01,SLV_12,564910.9669494629
2028-04-01,SLV_12,565435.1175041199
2028-07-01,SLV_12,565959.2680587769
2028-10-01,SLV_12,566483.4186134338
2029-01-01,SLV_12,567007.5691680908
2029-04-01,SLV_12,567513.172328949
2029-07-01,SLV_12,568018.7754898071
2029-10-01,SLV_12,568524.3786506653
2030-01-01,SLV_12,569029.9818115234
2030-04-01,SLV_12,516818.2363586426
2030-07-01,SLV_12,464606.4909057617
2030-10-01,SLV_12,412394.74545288086
1992-01-01,SLV_13,360183.0
1992-04-01,SLV_13,361631.9890136719
1992-07-01,SLV_13,363080.97802734375
1992-10-01,SLV_13,364529.9670410156
1993-01-01,SLV_13,365978.9560546875
1993-04-01,SLV_13,367427.9450683594
1993-07-01,SLV_13,368876.9340820313
1993-10-01,SLV_13,370325.9230957031
1994-01-01,SLV_13,371774.912109375
1994-04-01,SLV_13,373223.9011230469
1994-07-01,SLV_13,374672.8901367188
1994-10-01,SLV_13,376121.8791503906
1995-01-01,SLV_13,377570.8681640625
1995-04-01,SLV_13,379019.8571777344
1995-07-01,SLV_13,380468.8461914063
1995-10-01,SLV_13,381917.8352050781
1996-01-01,SLV_13,383366.82421875
1996-04-01,SLV_13,384815.8132324219
1996-07-01,SLV_13,386264.80224609375
1996-10-01,SLV_13,387713.7912597656
1997-01-01,SLV_13,389162.7802734375
1997-04-01,SLV_13,390611.7692871094
1997-07-01,SLV_13,392060.7583007813
1997-10-01,SLV_13,393509.7473144531
1998-01-01,SLV_13,394958.736328125
1998-04-01,SLV_13,396407.7253417969
1998-07-01,SLV_13,397856.7143554688
1998-10-01,SLV_13,399305.7033691406
1999-01-01,SLV_13,400754.6923828125
1999-04-01,SLV_13,402203.6813964844
1999-07-01,SLV_13,403652.67041015625
1999-10-01,SLV_13,405101.6594238281
2000-01-01,SLV_13,406550.6484375
2000-04-01,SLV_13,407999.6374511719
2000-07-01,SLV_13,409448.62646484375
2000-10-01,SLV_13,410897.6154785156
2001-01-01,SLV_13,412346.6044921875
2001-04-01,SLV_13,413795.5935058594
2001-07-01,SLV_13,415244.5825195313
2001-10-01,SLV_13,416693.5715332031
2002-01-01,SLV_13,418142.560546875
2002-04-01,SLV_13,419591.5495605469
2002-07-01,SLV_13,421040.5385742188
2002-10-01,SLV_13,422489.5275878906
2003-01-01,SLV_13,423938.5166015625
2003-04-01,SLV_13,425387.5056152344
2003-07-01,SLV_13,426836.4946289063
2003-10-01,SLV_13,428285.4836425781
2004-01-01,SLV_13,429734.47265625
2004-04-01,SLV_13,431183.4616699219
2004-07-01,SLV_13,432632.45068359375
2004-10-01,SLV_13,434081.4396972656
2005-01-01,SLV_13,435530.4287109375
2005-04-01,SLV_13,436979.4177246094
2005-07-01,SLV_13,438428.4067382813
2005-10-01,SLV_13,439877.3957519531
2006-01-01,SLV_13,441326.384765625
2006-04-01,SLV_13,442775.3737792969
2006-07-01,SLV_13,444224.3627929688
2006-10-01,SLV_13,445673.3518066406
2007-01-01,SLV_13,447122.3408203125
2007-04-01,SLV_13,448571.3298339844
2007-07-01,SLV_13,450020.31884765625
2007-10-01,SLV_13,451469.3078613281
2008-01-01,SLV_13,452918.296875
2008-04-01,SLV_13,454367.2858886719
2008-07-01,SLV_13,455816.27490234375
2008-10-01,SLV_13,457265.2639160156
2009-01-01,SLV_13,458714.2529296875
2009-04-01,SLV_13,460163.2419433594
2009-07-01,SLV_13,461612.2309570313
2009-10-01,SLV_13,463061.2199707031
2010-01-01,SLV_13,464510.208984375
2010-04-01,SLV_13,465959.1979980469
2010-07-01,SLV_13,467408.1870117188
2010-10-01,SLV_13,468857.1760253906
2011-01-01,SLV_13,470306.1650390625
2011-04-01,SLV_13,471755.1540527344
2011-07-01,SLV_13,473204.1430664063
2011-10-01,SLV_13,474653.1320800781
2012-01-01,SLV_13,476102.12109375
2012-04-01,SLV_13,477551.1101074219
2012-07-01,SLV_13,479000.09912109375
2012-10-01,SLV_13,480449.0881347656
2013-01-01,SLV_13,481898.0771484375
2013-04-01,SLV_13,483347.0661621094
2013-07-01,SLV_13,484796.0551757813
2013-10-01,SLV_13,486245.0441894531
2014-01-01,SLV_13,487694.033203125
2014-04-01,SLV_13,489143.0222167969
2014-07-01,SLV_13,490592.0112304688
2014-10-01,SLV_13,492041.0002441406
2015-01-01,SLV_13,493489.9892578125
2015-04-01,SLV_13,493847.81994628906
2015-07-01,SLV_13,494205.6506347656
2015-10-01,SLV_13,494563.4813232422
2016-01-01,SLV_13,494921.3120117188
2016-04-01,SLV_13,495244.4948730469
2016-07-01,SLV_13,495567.677734375
2016-10-01,SLV_13,495890.8605957031
2017-01-01,SLV_13,496214.0434570313
2017-04-01,SLV_13,496396.6082763672
2017-07-01,SLV_13,496579.1730957031
2017-10-01,SLV_13,496761.7379150391
2018-01-01,SLV_13,496944.302734375
2018-04-01,SLV_13,497009.5057373047
2018-07-01,SLV_13,497074.7087402344
2018-10-01,SLV_13,497139.91174316406
2019-01-01,SLV_13,497205.11474609375
2019-04-01,SLV_13,497237.2971191406
2019-07-01,SLV_13,497269.4794921875
2019-10-01,SLV_13,497301.6618652344
2020-01-01,SLV_13,497333.8442382813
2020-04-01,SLV_13,497792.6873779297
2020-07-01,SLV_13,498251.5305175781
2020-10-01,SLV_13,498710.37365722656
2021-01-01,SLV_13,499169.216796875
2021-04-01,SLV_13,499551.18896484375
2021-07-01,SLV_13,499933.1611328125
2021-10-01,SLV_13,500315.1333007813
2022-01-01,SLV_13,500697.10546875
2022-04-01,SLV_13,501292.9838867188
2022-07-01,SLV_13,501888.8623046875
2022-10-01,SLV_13,502484.74072265625
2023-01-01,SLV_13,503080.619140625
2023-04-01,SLV_13,503653.43395996094
2023-07-01,SLV_13,504226.2487792969
2023-10-01,SLV_13,504799.0635986328
2024-01-01,SLV_13,505371.8784179688
2024-04-01,SLV_13,505938.3986816406
2024-07-01,SLV_13,506504.9189453125
2024-10-01,SLV_13,507071.4392089844
2025-01-01,SLV_13,507637.95947265625
2025-04-01,SLV_13,508160.2962646485
2025-07-01,SLV_13,508682.6330566406
2025-10-01,SLV_13,509204.9698486328
2026-01-01,SLV_13,509727.306640625
2026-04-01,SLV_13,510231.4410400391
2026-07-01,SLV_13,510735.5754394531
2026-10-01,SLV_13,511239.7098388672
2027-01-01,SLV_13,511743.8442382813
2027-04-01,SLV_13,512243.9848632813
2027-07-01,SLV_13,512744.1254882813
2027-10-01,SLV_13,513244.2661132813
2028-01-01,SLV_13,513744.4067382813
2028-04-01,SLV_13,514220.9301757813
2028-07-01,SLV_13,514697.4536132813
2028-10-01,SLV_13,515173.9770507813
2029-01-01,SLV_13,515650.5004882813
2029-04-01,SLV_13,516110.2409667969
2029-07-01,SLV_13,516569.9814453125
2029-10-01,SLV_13,517029.7219238281
2030-01-01,SLV_13,517489.46240234375
2030-04-01,SLV_13,465707.5968017578
2030-07-01,SLV_13,413925.7312011719
2030-10-01,SLV_13,362143.86560058594
1992-01-01,SLV_14,310362.0
1992-04-01,SLV_14,310665.92638364044
1992-07-01,SLV_14,310969.8527672809
1992-10-01,SLV_14,311273.7791509214
1993-01-01,SLV_14,311577.7055345618
1993-04-01,SLV_14,311881.63191820227
1993-07-01,SLV_14,312185.5583018428
1993-10-01,SLV_14,312489.4846854832
1994-01-01,SLV_14,312793.41106912366
1994-04-01,SLV_14,313097.3374527641
1994-07-01,SLV_14,313401.26383640454
1994-10-01,SLV_14,313705.19022004504
1995-01-01,SLV_14,314009.1166036855
1995-04-01,SLV_14,314313.0429873259
1995-07-01,SLV_14,314616.9693709664
1995-10-01,SLV_14,314920.89575460687
1996-01-01,SLV_14,315224.8221382473
1996-04-01,SLV_14,315528.74852188776
1996-07-01,SLV_14,315832.6749055282
1996-10-01,SLV_14,316136.60128916864
1997-01-01,SLV_14,316440.5276728091
1997-04-01,SLV_14,316744.4540564495
1997-07-01,SLV_14,317048.38044009
1997-10-01,SLV_14,317352.30682373047
1998-01-01,SLV_14,317656.2332073709
1998-04-01,SLV_14,317960.1595910113
1998-07-01,SLV_14,318264.08597465185
1998-10-01,SLV_14,318568.0123582923
1999-01-01,SLV_14,318871.93874193274
1999-04-01,SLV_14,319175.8651255732
1999-07-01,SLV_14,319479.7915092136
1999-10-01,SLV_14,319783.7178928541
2000-01-01,SLV_14,320087.64427649457
2000-04-01,SLV_14,320391.570660135
2000-07-01,SLV_14,320695.4970437755
2000-10-01,SLV_14,320999.42342741595
2001-01-01,SLV_14,321303.3498110564
2001-04-01,SLV_14,321607.27619469684
2001-07-01,SLV_14,321911.2025783373
2001-10-01,SLV_14,322215.1289619778
2002-01-01,SLV_14,322519.0553456182
2002-04-01,SLV_14,322822.98172925867
2002-07-01,SLV_14,323126.9081128992
2002-10-01,SLV_14,323430.8344965396
2003-01-01,SLV_14,323734.76088018005
2003-04-01,SLV_14,324038.6872638205
2003-07-01,SLV_14,324342.61364746094
2003-10-01,SLV_14,324646.5400311014
2004-01-01,SLV_14,324950.4664147418
2004-04-01,SLV_14,325254.39279838227
2004-07-01,SLV_14,325558.3191820227
2004-10-01,SLV_14,325862.2455656632
2005-01-01,SLV_14,326166.17194930365
2005-04-01,SLV_14,326470.0983329441
2005-07-01,SLV_14,326774.0247165846
2005-10-01,SLV_14,327077.95110022504
2006-01-01,SLV_14,327381.8774838655
2006-04-01,SLV_14,327685.8038675059
2006-07-01,SLV_14,327989.7302511464
2006-10-01,SLV_14,328293.65663478686
2007-01-01,SLV_14,328597.5830184273
2007-04-01,SLV_14,328901.5094020677
2007-07-01,SLV_14,329205.43578570825
2007-10-01,SLV_14,329509.3621693487
2008-01-01,SLV_14,329813.28855298914
2008-04-01,SLV_14,330117.2149366296
2008-07-01,SLV_14,330421.14132027
2008-10-01,SLV_14,330725.0677039105
2009-01-01,SLV_14,331028.99408755096
2009-04-01,SLV_14,331332.9204711914
2009-07-01,SLV_14,331636.8468548319
2009-10-01,SLV_14,331940.77323847235
2010-01-01,SLV_14,332244.6996221128
2010-04-01,SLV_14,332548.62600575323
2010-07-01,SLV_14,332852.5523893937
2010-10-01,SLV_14,333156.4787730341
2011-01-01,SLV_14,333460.40515667456
2011-04-01,SLV_14,333764.33154031506
2011-07-01,SLV_14,334068.2579239555
2011-10-01,SLV_14,334372.18430759595
2012-01-01,SLV_14,334676.11069123645
2012-04-01,SLV_14,334980.0370748769
2012-07-01,SLV_14,335283.96345851733
2012-10-01,SLV_14,335587.8898421578
2013-01-01,SLV_14,335891.8162257982
2013-04-01,SLV_14,336195.74260943866
2013-07-01,SLV_14,336499.6689930791
2013-10-01,SLV_14,336803.5953767196
2014-01-01,SLV_14,337107.52176036005
2014-04-01,SLV_14,337411.4481440005
2014-07-01,SLV_14,337715.374527641
2014-10-01,SLV_14,338019.30091128143
2015-01-01,SLV_14,338323.2272949219
2015-04-01,SLV_14,338568.64044189453
2015-07-01,SLV_14,338814.0535888672
2015-10-01,SLV_14,339059.46673583984
2016-01-01,SLV_14,339304.8798828125
2016-04-01,SLV_14,339526.42572021484
2016-07-01,SLV_14,339747.9715576172
2016-10-01,SLV_14,339969.51739501953
2017-01-01,SLV_14,340191.0632324219
2017-04-01,SLV_14,340316.11364746094
2017-07-01,SLV_14,340441.1640625
2017-10-01,SLV_14,340566.21447753906
2018-01-01,SLV_14,340691.2648925781
2018-04-01,SLV_14,340735.9401245117
2018-07-01,SLV_14,340780.6153564453
2018-10-01,SLV_14,340825.2905883789
2019-01-01,SLV_14,340869.9658203125
2019-04-01,SLV_14,340892.0205078125
2019-07-01,SLV_14,340914.0751953125
2019-10-01,SLV_14,340936.1298828125
2020-01-01,SLV_14,340958.1845703125
2020-04-01,SLV_14,341272.4622192383
2020-07-01,SLV_14,341586.73986816406
2020-10-01,SLV_14,341901.01751708984
2021-01-01,SLV_14,342215.2951660156
2021-04-01,SLV_14,342477.0626220703
2021-07-01,SLV_14,342738.830078125
2021-10-01,SLV_14,343000.5975341797
2022-01-01,SLV_14,343262.3649902344
2022-04-01,SLV_14,343670.71142578125
2022-07-01,SLV_14,344079.0578613281
2022-10-01,SLV_14,344487.404296875
2023-01-01,SLV_14,344895.7507324219
2023-04-01,SLV_14,345288.1312866211
2023-07-01,SLV_14,345680.5118408203
2023-10-01,SLV_14,346072.89239501953
2024-01-01,SLV_14,346465.27294921875
2024-04-01,SLV_14,346853.5544433594
2024-07-01,SLV_14,347241.8359375
2024-10-01,SLV_14,347630.1174316406
2025-01-01,SLV_14,348018.39892578125
2025-04-01,SLV_14,348376.4158935547
2025-07-01,SLV_14,348734.4328613281
2025-10-01,SLV_14,349092.4498291016
2026-01-01,SLV_14,349450.466796875
2026-04-01,SLV_14,349796.0895385742
2026-07-01,SLV_14,350141.71228027344
2026-10-01,SLV_14,350487.33502197266
2027-01-01,SLV_14,350832.9577636719
2027-04-01,SLV_14,351175.6806640625
2027-07-01,SLV_14,351518.4035644531
2027-10-01,SLV_14,351861.1264648437
2028-01-01,SLV_14,352203.8493652344
2028-04-01,SLV_14,352530.4047241211
2028-07-01,SLV_14,352856.9600830078
2028-10-01,SLV_14,353183.51544189453
2029-01-01,SLV_14,353510.07080078125
2029-04-01,SLV_14,353825.19415283203
2029-07-01,SLV_14,354140.3175048828
2029-10-01,SLV_14,354455.4408569336
2030-01-01,SLV_14,354770.5642089844
2030-04-01,SLV_14,300684.4231567383
2030-07-01,SLV_14,246598.2821044922
2030-10-01,SLV_14,192512.1410522461
1992-01-01,SLV_2,138426.0
1992-04-01,SLV_2,138544.92065429688
1992-07-01,SLV_2,138663.84130859375
1992-10-01,SLV_2,138782.76196289062
1993-01-01,SLV_2,138901.6826171875
1993-04-01,SLV_2,139020.60327148438
1993-07-01,SLV_2,139139.52392578125
1993-10-01,SLV_2,139258.44458007812
1994-01-01,SLV_2,139377.365234375
1994-04-01,SLV_2,139496.28588867188
1994-07-01,SLV_2,139615.20654296875
1994-10-01,SLV_2,139734.12719726562
1995-01-01,SLV_2,139853.0478515625
1995-04-01,SLV_2,139971.96850585938
1995-07-01,SLV_2,140090.88916015625
1995-10-01,SLV_2,140209.80981445312
1996-01-01,SLV_2,140328.73046875
1996-04-01,SLV_2,140447.65112304688
1996-07-01,SLV_2,140566.57177734375
1996-10-01,SLV_2,140685.49243164062
1997-01-01,SLV_2,140804.4130859375
1997-04-01,SLV_2,140923.33374023438
1997-07-01,SLV_2,141042.25439453125
1997-10-01,SLV_2,141161.17504882812
1998-01-01,SLV_2,141280.095703125
1998-04-01,SLV_2,141399.01635742188
1998-07-01,SLV_2,141517.93701171875
1998-10-01,SLV_2,141636.85766601562
1999-01-01,SLV_2,141755.7783203125
1999-04-01,SLV_2,141874.69897460938
1999-07-01,SLV_2,141993.61962890625
1999-10-01,SLV_2,142112.54028320312
2000-01-01,SLV_2,142231.4609375
2000-04-01,SLV_2,142350.38159179688
2000-07-01,SLV_2,142469.30224609375
2000-10-01,SLV_2,142588.22290039062
2001-01-01,SLV_2,142707.1435546875
2001-04-01,SLV_2,142826.06420898438
2001-07-01,SLV_2,142944.98486328125
2001-10-01,SLV_2,143063.90551757812
2002-01-01,SLV_2,143182.826171875
2002-04-01,SLV_2,143301.74682617188
2002-07-01,SLV_2,143420.66748046875
2002-10-01,SLV_2,143539.58813476562
2003-01-01,SLV_2,143658.5087890625
2003-04-01,SLV_2,143777.42944335938
2003-07-01,SLV_2,143896.35009765625
2003-10-01,SLV_2,144015.27075195312
2004-01-01,SLV_2,144134.19140625
2004-04-01,SLV_2,144253.11206054688
2004-07-01,SLV_2,144372.03271484375
2004-10-01,SLV_2,144490.95336914062
2005-01-01,SLV_2,144609.8740234375
2005-04-01,SLV_2,144728.79467773438
2005-07-01,SLV_2,144847.71533203125
2005-10-01,SLV_2,144966.63598632812
2006-01-01,SLV_2,145085.556640625
2006-04-01,SLV_2,145204.47729492188
2006-07-01,SLV_2,145323.39794921875
2006-10-01,SLV_2,145442.31860351562
2007-01-01,SLV_2,145561.2392578125
2007-04-01,SLV_2,145680.15991210938
2007-07-01,SLV_2,145799.08056640625
2007-10-01,SLV_2,145918.00122070312
2008-01-01,SLV_2,146036.921875
2008-04-01,SLV_2,146155.84252929688
2008-07-01,SLV_2,146274.76318359375
2008-10-01,SLV_2,146393.68383789062
2009-01-01,SLV_2,146512.6044921875
2009-04-01,SLV_2,146631.52514648438
2009-07-01,SLV_2,146750.44580078125
2009-10-01,SLV_2,146869.36645507812
2010-01-01,SLV_2,146988.287109375
2010-04-01,SLV_2,147107.20776367188
2010-07-01,SLV_2,147226.12841796875
2010-10-01,SLV_2,147345.04907226562
2011-01-01,SLV_2,147463.9697265625
2011-04-01,SLV_2,147582.89038085938
2011-07-01,SLV_2,147701.81103515625
2011-10-01,SLV_2,147820.73168945312
2012-01-01,SLV_2,147939.65234375
2012-04-01,SLV_2,148058.57299804688
2012-07-01,SLV_2,148177.49365234375
2012-10-01,SLV_2,148296.41430664062
2013-01-01,SLV_2,148415.3349609375
2013-04-01,SLV_2,148534.25561523438
2013-07-01,SLV_2,148653.17626953125
2013-10-01,SLV_2,148772.09692382812
2014-01-01,SLV_2,148891.017578125
2014-04-01,SLV_2,149009.93823242188
2014-07-01,SLV_2,149128.85888671875
2014-10-01,SLV_2,149247.77954101562
2015-01-01,SLV_2,149366.7001953125
2015-04-01,SLV_2,149475.14456176758
2015-07-01,SLV_2,149583.58892822266
2015-10-01,SLV_2,149692.03329467773
2016-01-01,SLV_2,149800.4776611328
2016-04-01,SLV_2,149898.47747802734
2016-07-01,SLV_2,149996.47729492188
2016-10-01,SLV_2,150094.4771118164
2017-01-01,SLV_2,150192.47692871094
2017-04-01,SLV_2,150247.8694152832
2017-07-01,SLV_2,150303.26190185547
2017-10-01,SLV_2,150358.65438842773
2018-01-01,SLV_2,150414.046875
2018-04-01,SLV_2,150433.9073486328
2018-07-01,SLV_2,150453.76782226562
2018-10-01,SLV_2,150473.62829589844
2019-01-01,SLV_2,150493.48876953125
2019-04-01,SLV_2,150503.3773803711
2019-07-01,SLV_2,150513.26599121094
2019-10-01,SLV_2,150523.15460205078
2020-01-01,SLV_2,150533.04321289062
2020-04-01,SLV_2,150672.00762939453
2020-07-01,SLV_2,150810.97204589844
2020-10-01,SLV_2,150949.93646240234
2021-01-01,SLV_2,151088.90087890625
2021-04-01,SLV_2,151204.73266601562
2021-07-01,SLV_2,151320.564453125
2021-10-01,SLV_2,151436.39624023438
2022-01-01,SLV_2,151552.22802734375
2022-04-01,SLV_2,151732.76361083984
2022-07-01,SLV_2,151913.29919433594
2022-10-01,SLV_2,152093.83477783203
2023-01-01,SLV_2,152274.37036132812
2023-04-01,SLV_2,152447.76751708984
2023-07-01,SLV_2,152621.16467285156
2023-10-01,SLV_2,152794.56182861328
2024-01-01,SLV_2,152967.958984375
2024-04-01,SLV_2,153139.53842163086
2024-07-01,SLV_2,153311.11785888672
2024-10-01,SLV_2,153482.69729614258
2025-01-01,SLV_2,153654.27673339844
2025-04-01,SLV_2,153812.50741577148
2025-07-01,SLV_2,153970.73809814453
2025-10-01,SLV_2,154128.96878051758
2026-01-01,SLV_2,154287.19946289062
2026-04-01,SLV_2,154439.9044189453
2026-07-01,SLV_2,154592.609375
2026-10-01,SLV_2,154745.3143310547
2027-01-01,SLV_2,154898.01928710938
2027-04-01,SLV_2,155049.419921875
2027-07-01,SLV_2,155200.82055664062
2027-10-01,SLV_2,155352.22119140625
2028-01-01,SLV_2,155503.62182617188
2028-04-01,SLV_2,155647.90197753906
2028-07-01,SLV_2,155792.18212890625
2028-10-01,SLV_2,155936.46228027344
2029-01-01,SLV_2,156080.74243164062
2029-04-01,SLV_2,156220.0008544922
2029-07-01,SLV_2,156359.25927734375
2029-10-01,SLV_2,156498.5177001953
2030-01-01,SLV_2,156637.77612304688
2030-04-01,SLV_2,161808.33209228516
2030-07-01,SLV_2,166978.88806152344
2030-10-01,SLV_2,172149.44403076172
1992-01-01,SLV_3,177320.0
1992-04-01,SLV_3,177177.79830368707
1992-07-01,SLV_3,177035.59660737411
1992-10-01,SLV_3,176893.39491106116
1993-01-01,SLV_3,176751.19321474823
1993-04-01,SLV_3,176608.99151843527
1993-07-01,SLV_3,176466.78982212231
1993-10-01,SLV_3,176324.5881258094
1994-01-01,SLV_3,176182.38642949643
1994-04-01,SLV_3,176040.18473318347
1994-07-01,SLV_3,175897.98303687054
1994-10-01,SLV_3,175755.7813405576
1995-01-01,SLV_3,175613.57964424463
1995-04-01,SLV_3,175471.3779479317
1995-07-01,SLV_3,175329.17625161874
1995-10-01,SLV_3,175186.9745553058
1996-01-01,SLV_3,175044.77285899286
1996-04-01,SLV_3,174902.57116267993
1996-07-01,SLV_3,174760.36946636697
1996-10-01,SLV_3,174618.16777005402
1997-01-01,SLV_3,174475.9660737411
1997-04-01,SLV_3,174333.76437742813
1997-07-01,SLV_3,174191.56268111517
1997-10-01,SLV_3,174049.36098480225
1998-01-01,SLV_3,173907.1592884893
1998-04-01,SLV_3,173764.95759217633
1998-07-01,SLV_3,173622.7558958634
1998-10-01,SLV_3,173480.55419955045
1999-01-01,SLV_3,173338.3525032375
1999-04-01,SLV_3,173196.15080692456
1999-07-01,SLV_3,173053.9491106116
1999-10-01,SLV_3,172911.74741429865
2000-01-01,SLV_3,172769.54571798572
2000-04-01,SLV_3,172627.3440216728
2000-07-01,SLV_3,172485.14232535983
2000-10-01,SLV_3,172342.94062904688
2001-01-01,SLV_3,172200.73893273395
2001-04-01,SLV_3,172058.53723642102
2001-07-01,SLV_3,171916.33554010806
2001-10-01,SLV_3,171774.1338437951
2002-01-01,SLV_3,171631.93214748218
2002-04-01,SLV_3,171489.73045116922
2002-07-01,SLV_3,171347.52875485626
2002-10-01,SLV_3,171205.3270585433
2003-01-01,SLV_3,171063.12536223038
2003-04-01,SLV_3,170920.92366591742
2003-07-01,SLV_3,170778.7219696045
2003-10-01,SLV_3,170636.52027329156
2004-01-01,SLV_3,170494.3185769786
2004-04-01,SLV_3,170352.11688066565
2004-07-01,SLV_3,170209.91518435272
2004-10-01,SLV_3,170067.71348803976
2005-01-01,SLV_3,169925.5117917268
2005-04-01,SLV_3,169783.31009541388
2005-07-01,SLV_3,169641.10839910092
2005-10-01,SLV_3,169498.90670278796
2006-01-01,SLV_3,169356.70500647504
2006-04-01,SLV_3,169214.50331016208
2006-07-01,SLV_3,169072.30161384912
2006-10-01,SLV_3,168930.0999175362
2007-01-01,SLV_3,168787.89822122324
2007-04-01,SLV_3,168645.69652491028
2007-07-01,SLV_3,168503.49482859735
2007-10-01,SLV_3,168361.29313228442
2008-01-01,SLV_3,168219.09143597147
2008-04-01,SLV_3,168076.8897396585
2008-07-01,SLV_3,167934.68804334558
2008-10-01,SLV_3,167792.48634703265
2009-01-01,SLV_3,167650.2846507197
2009-04-01,SLV_3,167508.08295440674
2009-07-01,SLV_3,167365.8812580938
2009-10-01,SLV_3,167223.67956178085
2010-01-01,SLV_3,167081.4778654679
2010-04-01,SLV_3,166939.27616915497
2010-07-01,SLV_3,166797.074472842
2010-10-01,SLV_3,166654.87277652905
2011-01-01,SLV_3,166512.67108021613
2011-04-01,SLV_3,166370.46938390317
2011-07-01,SLV_3,166228.2676875902
2011-10-01,SLV_3,166086.06599127728
2012-01-01,SLV_3,165943.86429496433
2012-04-01,SLV_3,165801.66259865137
2012-07-01,SLV_3,165659.46090233844
2012-10-01,SLV_3,165517.2592060255
2013-01-01,SLV_3,165375.05750971255
2013-04-01,SLV_3,165232.8558133996
2013-07-01,SLV_3,165090.65411708667
2013-10-01,SLV_3,164948.4524207737
2014-01-01,SLV_3,164806.25072446076
2014-04-01,SLV_3,164664.04902814783
2014-07-01,SLV_3,164521.84733183487
2014-10-01,SLV_3,164379.6456355219
2015-01-01,SLV_3,164237.44393920898
2015-04-01,SLV_3,164356.6314163208
2015-07-01,SLV_3,164475.81889343262
2015-10-01,SLV_3,164595.00637054443
2016-01-01,SLV_3,164714.19384765625
2016-04-01,SLV_3,164822.0156402588
2016-07-01,SLV_3,164929.83743286133
2016-10-01,SLV_3,165037.65922546387
2017-01-01,SLV_3,165145.4810180664
2017-04-01,SLV_3,165206.34112548828
2017-07-01,SLV_3,165267.20123291016
2017-10-01,SLV_3,165328.06134033203
2018-01-01,SLV_3,165388.9214477539
2018-04-01,SLV_3,165410.6330871582
2018-07-01,SLV_3,165432.3447265625
2018-10-01,SLV_3,165454.0563659668
2019-01-01,SLV_3,165475.7680053711
2019-04-01,SLV_3,165486.76824188232
2019-07-01,SLV_3,165497.76847839355
2019-10-01,SLV_3,165508.7687149048
2020-01-01,SLV_3,165519.76895141602
2020-04-01,SLV_3,165672.332862854
2020-07-01,SLV_3,165824.896774292
2020-10-01,SLV_3,165977.46068572998
2021-01-01,SLV_3,166130.02459716797
2021-04-01,SLV_3,166257.1382446289
2021-07-01,SLV_3,166384.25189208984
2021-10-01,SLV_3,166511.36553955078
2022-01-01,SLV_3,166638.47918701172
2022-04-01,SLV_3,166836.13109588623
2022-07-01,SLV_3,167033.78300476074
2022-10-01,SLV_3,167231.43491363525
2023-01-01,SLV_3,167429.08682250977
2023-04-01,SLV_3,167618.99349975586
2023-07-01,SLV_3,167808.90017700195
2023-10-01,SLV_3,167998.80685424805
2024-01-01,SLV_3,168188.71353149414
2024-04-01,SLV_3,168376.51578521729
2024-07-01,SLV_3,168564.31803894043
2024-10-01,SLV_3,168752.12029266357
2025-01-01,SLV_3,168939.92254638672
2025-04-01,SLV_3,169112.9239807129
2025-07-01,SLV_3,169285.92541503906
2025-10-01,SLV_3,169458.92684936523
2026-01-01,SLV_3,169631.9282836914
2026-04-01,SLV_3,169799.04579925537
2026-07-01,SLV_3,169966.16331481934
2026-10-01,SLV_3,170133.2808303833
2027-01-01,SLV_3,170300.39834594727
2027-04-01,SLV_3,170466.15019226074
2027-07-01,SLV_3,170631.90203857422
2027-10-01,SLV_3,170797.6538848877
2028-01-01,SLV_3,170963.40573120117
2028-04-01,SLV_3,171121.24334716797
2028-07-01,SLV_3,171279.08096313477
2028-10-01,SLV_3,171436.91857910156
2029-01-01,SLV_3,171594.75619506836
2029-04-01,SLV_3,171746.86460113525
2029-07-01,SLV_3,171898.97300720215
2029-10-01,SLV_3,172051.08141326904
2030-01-01,SLV_3,172203.18981933594
2030-04-01,SLV_3,173777.89236450195
2030-07-01,SLV_3,175352.59490966797
2030-10-01,SLV_3,176927.29745483398
1992-01-01,SLV_4,178502.0
1992-04-01,SLV_4,179401.77859629755
1992-07-01,SLV_4,180301.5571925951
1992-10-01,SLV_4,181201.33578889267
1993-01-01,SLV_4,182101.11438519025
1993-04-01,SLV_4,183000.89298148776
1993-07-01,SLV_4,183900.6715777853
1993-10-01,SLV_4,184800.4501740829
1994-01-01,SLV_4,185700.22877038043
1994-04-01,SLV_4,186600.007366678
1994-07-01,SLV_4,187499.78596297555
1994-10-01,SLV_4,188399.5645592731
1995-01-01,SLV_4,189299.34315557065
1995-04-01,SLV_4,190199.1217518682
1995-07-01,SLV_4,191098.90034816577
1995-10-01,SLV_4,191998.6789444633
1996-01-01,SLV_4,192898.4575407609
1996-04-01,SLV_4,193798.2361370584
1996-07-01,SLV_4,194698.014733356
1996-10-01,SLV_4,195597.79332965356
1997-01-01,SLV_4,196497.57192595108
1997-04-01,SLV_4,197397.35052224863
1997-07-01,SLV_4,198297.1291185462
1997-10-01,SLV_4,199196.90771484372
1998-01-01,SLV_4,200096.6863111413
1998-04-01,SLV_4,200996.46490743884
1998-07-01,SLV_4,201896.2435037364
1998-10-01,SLV_4,202796.022100034
1999-01-01,SLV_4,203695.80069633157
1999-04-01,SLV_4,204595.5792926291
1999-07-01,SLV_4,205495.35788892664
1999-10-01,SLV_4,206395.1364852242
2000-01-01,SLV_4,207294.91508152176
2000-04-01,SLV_4,208194.6936778193
2000-07-01,SLV_4,209094.47227411688
2000-10-01,SLV_4,209994.25087041443
2001-01-01,SLV_4,210894.029466712
2001-04-01,SLV_4,211793.80806300952
2001-07-01,SLV_4,212693.58665930707
2001-10-01,SLV_4,213593.36525560464
2002-01-01,SLV_4,214493.1438519022
2002-04-01,SLV_4,215392.9224481997
2002-07-01,SLV_4,216292.7010444973
2002-10-01,SLV_4,217192.4796407949
2003-01-01,SLV_4,218092.2582370924
2003-04-01,SLV_4,218992.03683338995
2003-07-01,SLV_4,219891.8154296875
2003-10-01,SLV_4,220791.59402598505
2004-01-01,SLV_4,221691.3726222826
2004-04-01,SLV_4,222591.1512185801
2004-07-01,SLV_4,223490.9298148777
2004-10-01,SLV_4,224390.7084111753
2005-01-01,SLV_4,225290.48700747284
2005-04-01,SLV_4,226190.2656037704
2005-07-01,SLV_4,227090.04420006796
2005-10-01,SLV_4,227989.8227963655
2006-01-01,SLV_4,228889.60139266303
2006-04-01,SLV_4,229789.3799889606
2006-07-01,SLV_4,230689.15858525815
2006-10-01,SLV_4,231588.93718155567
2007-01-01,SLV_4,232488.71577785327
2007-04-01,SLV_4,233388.4943741508
2007-07-01,SLV_4,234288.2729704484
2007-10-01,SLV_4,235188.0515667459
2008-01-01,SLV_4,236087.83016304343
2008-04-01,SLV_4,236987.608759341
2008-07-01,SLV_4,237887.38735563855
2008-10-01,SLV_4,238787.16595193616
2009-01-01,SLV_4,239686.9445482337
2009-04-01,SLV_4,240586.72314453125
2009-07-01,SLV_4,241486.5017408288
2009-10-01,SLV_4,242386.2803371264
2010-01-01,SLV_4,243286.05893342392
2010-04-01,SLV_4,244185.83752972147
2010-07-01,SLV_4,245085.61612601904
2010-10-01,SLV_4,245985.3947223166
2011-01-01,SLV_4,246885.1733186141
2011-04-01,SLV_4,247784.95191491168
2011-07-01,SLV_4,248684.73051120923
2011-10-01,SLV_4,249584.5091075068
2012-01-01,SLV_4,250484.28770380435
2012-04-01,SLV_4,251384.0663001019
2012-07-01,SLV_4,252283.84489639947
2012-10-01,SLV_4,253183.62349269705
2013-01-01,SLV_4,254083.40208899457
2013-04-01,SLV_4,254983.1806852921
2013-07-01,SLV_4,255882.9592815897
2013-10-01,SLV_4,256782.73787788724
2014-01-01,SLV_4,257682.5164741848
2014-04-01,SLV_4,258582.29507048236
2014-07-01,SLV_4,259482.0736667799
2014-10-01,SLV_4,260381.85226307745
2015-01-01,SLV_4,261281.630859375
2015-04-01,SLV_4,261471.32220458984
2015-07-01,SLV_4,261661.0135498047
2015-10-01,SLV_4,261850.70489501956
2016-01-01,SLV_4,262040.3962402344
2016-04-01,SLV_4,262211.76953125
2016-07-01,SLV_4,262383.1428222656
2016-10-01,SLV_4,262554.51611328125
2017-01-01,SLV_4,262725.8894042969
2017-04-01,SLV_4,262822.6721801758
2017-07-01,SLV_4,262919.4549560547
2017-10-01,SLV_4,263016.2377319336
2018-01-01,SLV_4,263113.0205078125
2018-04-01,SLV_4,263147.5794067383
2018-07-01,SLV_4,263182.13830566406
2018-10-01,SLV_4,263216.69720458984
2019-01-01,SLV_4,263251.2561035156
2019-04-01,SLV_4,263268.32012939453
2019-07-01,SLV_4,263285.38415527344
2019-10-01,SLV_4,263302.44818115234
2020-01-01,SLV_4,263319.51220703125
2020-04-01,SLV_4,263562.8384399414
2020-07-01,SLV_4,263806.1646728516
2020-10-01,SLV_4,264049.4909057617
2021-01-01,SLV_4,264292.8171386719
2021-04-01,SLV_4,264495.4204711914
2021-07-01,SLV_4,264698.02380371094
2021-10-01,SLV_4,264900.62713623047
2022-01-01,SLV_4,265103.23046875
2022-04-01,SLV_4,265419.2010498047
2022-07-01,SLV_4,265735.1716308594
2022-10-01,SLV_4,266051.14221191406
2023-01-01,SLV_4,266367.11279296875
2023-04-01,SLV_4,266670.7877807617
2023-07-01,SLV_4,266974.4627685547
2023-10-01,SLV_4,267278.13775634766
2024-01-01,SLV_4,267581.8127441406
2024-04-01,SLV_4,267882.27630615234
2024-07-01,SLV_4,268182.73986816406
2024-10-01,SLV_4,268483.2034301758
2025-01-01,SLV_4,268783.6669921875
2025-04-01,SLV_4,269060.70526123047
2025-07-01,SLV_4,269337.74353027344
2025-10-01,SLV_4,269614.7817993164
2026-01-01,SLV_4,269891.8200683594
2026-04-01,SLV_4,270159.3474121094
2026-07-01,SLV_4,270426.8747558594
2026-10-01,SLV_4,270694.4020996094
2027-01-01,SLV_4,270961.9294433594
2027-04-01,SLV_4,271227.2303466797
2027-07-01,SLV_4,271492.53125
2027-10-01,SLV_4,271757.8321533203
2028-01-01,SLV_4,272023.1330566406
2028-04-01,SLV_4,272275.9104614258
2028-07-01,SLV_4,272528.68786621094
2028-10-01,SLV_4,272781.4652709961
2029-01-01,SLV_4,273034.24267578125
2029-04-01,SLV_4,273278.3602294922
2029-07-01,SLV_4,273522.4777832031
2029-10-01,SLV_4,273766.59533691406
2030-01-01,SLV_4,274010.712890625
2030-04-01,SLV_4,333974.53466796875
2030-07-01,SLV_4,393938.3564453125
2030-10-01,SLV_4,453902.17822265625
1992-01-01,SLV_5,513866.0
1992-04-01,SLV_5,516721.2226880944
1992-07-01,SLV_5,519576.4453761888
1992-10-01,SLV_5,522431.66806428327
1993-01-01,SLV_5,525286.8907523777
1993-04-01,SLV_5,528142.1134404722
1993-07-01,SLV_5,530997.3361285666
1993-10-01,SLV_5,533852.558816661
1994-01-01,SLV_5,536707.7815047555
1994-04-01,SLV_5,539563.0041928499
1994-07-01,SLV_5,542418.2268809443
1994-10-01,SLV_5,545273.4495690388
1995-01-01,SLV_5,548128.6722571332
1995-04-01,SLV_5,550983.8949452275
1995-07-01,SLV_5,553839.117633322
1995-10-01,SLV_5,556694.3403214165
1996-01-01,SLV_5,559549.5630095109
1996-04-01,SLV_5,562404.7856976052
1996-07-01,SLV_5,565260.0083856997
1996-10-01,SLV_5,568115.2310737942
1997-01-01,SLV_5,570970.4537618886
1997-04-01,SLV_5,573825.6764499829
1997-07-01,SLV_5,576680.8991380774
1997-10-01,SLV_5,579536.1218261719
1998-01-01,SLV_5,582391.3445142662
1998-04-01,SLV_5,585246.5672023607
1998-07-01,SLV_5,588101.7898904551
1998-10-01,SLV_5,590957.0125785496
1999-01-01,SLV_5,593812.235266644
1999-04-01,SLV_5,596667.4579547385
1999-07-01,SLV_5,599522.6806428329
1999-10-01,SLV_5,602377.9033309272
2000-01-01,SLV_5,605233.1260190217
2000-04-01,SLV_5,608088.3487071162
2000-07-01,SLV_5,610943.5713952106
2000-10-01,SLV_5,613798.7940833049
2001-01-01,SLV_5,616654.0167713994
2001-04-01,SLV_5,619509.2394594939
2001-07-01,SLV_5,622364.4621475884
2001-10-01,SLV_5,625219.6848356827
2002-01-01,SLV_5,628074.9075237772
2002-04-01,SLV_5,630930.1302118716
2002-07-01,SLV_5,633785.3528999661
2002-10-01,SLV_5,636640.5755880605
2003-01-01,SLV_5,639495.7982761549
2003-04-01,SLV_5,642351.0209642493
2003-07-01,SLV_5,645206.2436523438
2003-10-01,SLV_5,648061.4663404382
2004-01-01,SLV_5,650916.6890285326
2004-04-01,SLV_5,653771.911716627
2004-07-01,SLV_5,656627.1344047214
2004-10-01,SLV_5,659482.3570928159
2005-01-01,SLV_5,662337.5797809103
2005-04-01,SLV_5,665192.8024690048
2005-07-01,SLV_5,668048.0251570991
2005-10-01,SLV_5,670903.2478451936
2006-01-01,SLV_5,673758.4705332881
2006-04-01,SLV_5,676613.6932213826
2006-07-01,SLV_5,679468.9159094769
2006-10-01,SLV_5,682324.1385975713
2007-01-01,SLV_5,685179.3612856658
2007-04-01,SLV_5,688034.5839737603
2007-07-01,SLV_5,690889.8066618546
2007-10-01,SLV_5,693745.029349949
2008-01-01,SLV_5,696600.2520380435
2008-04-01,SLV_5,699455.4747261379
2008-07-01,SLV_5,702310.6974142323
2008-10-01,SLV_5,705165.9201023267
2009-01-01,SLV_5,708021.1427904211
2009-04-01,SLV_5,710876.3654785156
2009-07-01,SLV_5,713731.5881666101
2009-10-01,SLV_5,716586.8108547045
2010-01-01,SLV_5,719442.033542799
2010-04-01,SLV_5,722297.2562308933
2010-07-01,SLV_5,725152.4789189878
2010-10-01,SLV_5,728007.7016070823
2011-01-01,SLV_5,730862.9242951766
2011-04-01,SLV_5,733718.146983271
2011-07-01,SLV_5,736573.3696713655
2011-10-01,SLV_5,739428.59235946
2012-01-01,SLV_5,742283.8150475543
2012-04-01,SLV_5,745139.0377356488
2012-07-01,SLV_5,747994.2604237432
2012-10-01,SLV_5,750849.4831118376
2013-01-01,SLV_5,753704.7057999321
2013-04-01,SLV_5,756559.9284880266
2013-07-01,SLV_5,759415.151176121
2013-10-01,SLV_5,762270.3738642153
2014-01-01,SLV_5,765125.5965523098
2014-04-01,SLV_5,767980.8192404043
2014-07-01,SLV_5,770836.0419284987
2014-10-01,SLV_5,773691.264616593
2015-01-01,SLV_5,776546.4873046875
2015-04-01,SLV_5,777110.2045898438
2015-07-01,SLV_5,777673.921875
2015-10-01,SLV_5,778237.6391601562
2016-01-01,SLV_5,778801.3564453125
2016-04-01,SLV_5,779310.1643066406
2016-07-01,SLV_5,779818.9721679688
2016-10-01,SLV_5,780327.7800292969
2017-01-01,SLV_5,780836.587890625
2017-04-01,SLV_5,781124.0793457031
2017-07-01,SLV_5,781411.5708007812
2017-10-01,SLV_5,781699.0622558594
2018-01-01,SLV_5,781986.5537109375
2018-04-01,SLV_5,782089.1961669922
2018-07-01,SLV_5,782191.8386230469
2018-10-01,SLV_5,782294.4810791016
2019-01-01,SLV_5,782397.1235351562
2019-04-01,SLV_5,782447.8382568359
2019-07-01,SLV_5,782498.5529785156
2019-10-01,SLV_5,782549.2677001953
2020-01-01,SLV_5,782599.982421875
2020-04-01,SLV_5,783322.5010986328
2020-07-01,SLV_5,784045.0197753906
2020-10-01,SLV_5,784767.5384521484
2021-01-01,SLV_5,785490.0571289062
2021-04-01,SLV_5,786091.7846679688
2021-07-01,SLV_5,786693.5122070312
2021-10-01,SLV_5,787295.2397460938
2022-01-01,SLV_5,787896.9672851562
2022-04-01,SLV_5,788835.6890869141
2022-07-01,SLV_5,789774.4108886719
2022-10-01,SLV_5,790713.1326904297
2023-01-01,SLV_5,791651.8544921875
2023-04-01,SLV_5,792554.1268310547
2023-07-01,SLV_5,793456.3991699219
2023-10-01,SLV_5,794358.6715087891
2024-01-01,SLV_5,795260.9438476562
2024-04-01,SLV_5,796154.2355957031
2024-07-01,SLV_5,797047.52734375
2024-10-01,SLV_5,797940.8190917969
2025-01-01,SLV_5,798834.1108398438
2025-04-01,SLV_5,799657.8270263672
2025-07-01,SLV_5,800481.5432128906
2025-10-01,SLV_5,801305.2593994141
2026-01-01,SLV_5,802128.9755859375
2026-04-01,SLV_5,802924.09765625
2026-07-01,SLV_5,803719.2197265625
2026-10-01,SLV_5,804514.341796875
2027-01-01,SLV_5,805309.4638671875
2027-04-01,SLV_5,806097.6850585938
2027-07-01,SLV_5,806885.90625
2027-10-01,SLV_5,807674.1274414062
2028-01-01,SLV_5,808462.3486328125
2028-04-01,SLV_5,809213.2191162109
2028-07-01,SLV_5,809964.0895996094
2028-10-01,SLV_5,810714.9600830078
2029-01-01,SLV_5,811465.8305664062
2029-04-01,SLV_5,812190.5822753906
2029-07-01,SLV_5,812915.333984375
2029-10-01,SLV_5,813640.0856933594
2030-01-01,SLV_5,814364.8374023438
2030-04-01,SLV_5,672252.3780517578
2030-07-01,SLV_5,530139.9187011719
2030-10-01,SLV_5,388027.45935058594
1992-01-01,SLV_6,245915.0
1992-04-01,SLV_6,247030.9378861137
1992-07-01,SLV_6,248146.87577222745
1992-10-01,SLV_6,249262.81365834115
1993-01-01,SLV_6,250378.75154445483
1993-04-01,SLV_6,251494.6894305685
1993-07-01,SLV_6,252610.62731668225
1993-10-01,SLV_6,253726.565202796
1994-01-01,SLV_6,254842.50308890967
1994-04-01,SLV_6,255958.44097502335
1994-07-01,SLV_6,257074.37886113708
1994-10-01,SLV_6,258190.3167472508
1995-01-01,SLV_6,259306.25463336447
1995-04-01,SLV_6,260422.19251947815
1995-07-01,SLV_6,261538.13040559183
1995-10-01,SLV_6,262654.0682917056
1996-01-01,SLV_6,263770.0061778193
1996-04-01,SLV_6,264885.944063933
1996-07-01,SLV_6,266001.8819500467
1996-10-01,SLV_6,267117.8198361604
1997-01-01,SLV_6,268233.7577222741
1997-04-01,SLV_6,269349.6956083878
1997-07-01,SLV_6,270465.6334945015
1997-10-01,SLV_6,271581.57138061523
1998-01-01,SLV_6,272697.50926672894
1998-04-01,SLV_6,273813.44715284265
1998-07-01,SLV_6,274929.3850389564
1998-10-01,SLV_6,276045.32292507007
1999-01-01,SLV_6,277161.2608111838
1999-04-01,SLV_6,278277.1986972975
1999-07-01,SLV_6,279393.1365834112
1999-10-01,SLV_6,280509.0744695249
2000-01-01,SLV_6,281625.0123556386
2000-04-01,SLV_6,282740.9502417523
2000-07-01,SLV_6,283856.888127866
2000-10-01,SLV_6,284972.8260139797
2001-01-01,SLV_6,286088.7639000934
2001-04-01,SLV_6,287204.7017862071
2001-07-01,SLV_6,288320.6396723208
2001-10-01,SLV_6,289436.5775584345
2002-01-01,SLV_6,290552.5154445482
2002-04-01,SLV_6,291668.4533306619
2002-07-01,SLV_6,292784.39121677564
2002-10-01,SLV_6,293900.32910288934
2003-01-01,SLV_6,295016.26698900305
2003-04-01,SLV_6,296132.2048751168
2003-07-01,SLV_6,297248.14276123047
2003-10-01,SLV_6,298364.0806473442
2004-01-01,SLV_6,299480.0185334579
2004-04-01,SLV_6,300595.9564195716
2004-07-01,SLV_6,301711.8943056853
2004-10-01,SLV_6,302827.832191799
2005-01-01,SLV_6,303943.7700779127
2005-04-01,SLV_6,305059.7079640264
2005-07-01,SLV_6,306175.64585014014
2005-10-01,SLV_6,307291.58373625384
2006-01-01,SLV_6,308407.52162236755
2006-04-01,SLV_6,309523.45950848126
2006-07-01,SLV_6,310639.39739459497
2006-10-01,SLV_6,311755.3352807087
2007-01-01,SLV_6,312871.2731668224
2007-04-01,SLV_6,313987.2110529361
2007-07-01,SLV_6,315103.1489390498
2007-10-01,SLV_6,316219.08682516345
2008-01-01,SLV_6,317335.0247112772
2008-04-01,SLV_6,318450.96259739087
2008-07-01,SLV_6,319566.9004835046
2008-10-01,SLV_6,320682.8383696183
2009-01-01,SLV_6,321798.776255732
2009-04-01,SLV_6,322914.7141418457
2009-07-01,SLV_6,324030.6520279594
2009-10-01,SLV_6,325146.5899140731
2010-01-01,SLV_6,326262.5278001868
2010-04-01,SLV_6,327378.46568630054
2010-07-01,SLV_6,328494.40357241424
2010-10-01,SLV_6,329610.34145852795
2011-01-01,SLV_6,330726.27934464166
2011-04-01,SLV_6,331842.21723075537
2011-07-01,SLV_6,332958.1551168691
2011-10-01,SLV_6,334074.0930029828
2012-01-01,SLV_6,335190.0308890965
2012-04-01,SLV_6,336305.9687752102
2012-07-01,SLV_6,337421.90666132385
2012-10-01,SLV_6,338537.8445474376
2013-01-01,SLV_6,339653.78243355127
2013-04-01,SLV_6,340769.720319665
2013-07-01,SLV_6,341885.6582057787
2013-10-01,SLV_6,343001.5960918924
2014-01-01,SLV_6,344117.5339780061
2014-04-01,SLV_6,345233.4718641198
2014-07-01,SLV_6,346349.4097502335
2014-10-01,SLV_6,347465.34763634723
2015-01-01,SLV_6,348581.28552246094
2015-04-01,SLV_6,348834.0674133301
2015-07-01,SLV_6,349086.8493041992
2015-10-01,SLV_6,349339.6311950684
2016-01-01,SLV_6,349592.4130859375
2016-04-01,SLV_6,349821.0387878418
2016-07-01,SLV_6,350049.6644897461
2016-10-01,SLV_6,350278.2901916504
2017-01-01,SLV_6,350506.9158935547
2017-04-01,SLV_6,350635.9143066406
2017-07-01,SLV_6,350764.91271972656
2017-10-01,SLV_6,350893.9111328125
2018-01-01,SLV_6,351022.90954589844
2018-04-01,SLV_6,351068.94735717773
2018-07-01,SLV_6,351114.98516845703
2018-10-01,SLV_6,351161.0229797363
2019-01-01,SLV_6,351207.0607910156
2019-04-01,SLV_6,351229.7999572754
2019-07-01,SLV_6,351252.5391235352
2019-10-01,SLV_6,351275.2782897949
2020-01-01,SLV_6,351298.0174560547
2020-04-01,SLV_6,351622.4775695801
2020-07-01,SLV_6,351946.93768310547
2020-10-01,SLV_6,352271.39779663086
2021-01-01,SLV_6,352595.85791015625
2021-04-01,SLV_6,352866.0756530762
2021-07-01,SLV_6,353136.2933959961
2021-10-01,SLV_6,353406.511138916
2022-01-01,SLV_6,353676.72888183594
2022-04-01,SLV_6,354098.1116638184
2022-07-01,SLV_6,354519.4944458008
2022-10-01,SLV_6,354940.8772277832
2023-01-01,SLV_6,355362.2600097656
2023-04-01,SLV_6,355767.2625732422
2023-07-01,SLV_6,356172.26513671875
2023-10-01,SLV_6,356577.2677001953
2024-01-01,SLV_6,356982.2702636719
2024-04-01,SLV_6,357383.04306030273
2024-07-01,SLV_6,357783.8158569336
2024-10-01,SLV_6,358184.58865356445
2025-01-01,SLV_6,358585.3614501953
2025-04-01,SLV_6,358954.8701171875
2025-07-01,SLV_6,359324.3787841797
2025-10-01,SLV_6,359693.8874511719
2026-01-01,SLV_6,360063.39611816406
2026-04-01,SLV_6,360420.1610107422
2026-07-01,SLV_6,360776.9259033203
2026-10-01,SLV_6,361133.6907958984
2027-01-01,SLV_6,361490.45568847656
2027-04-01,SLV_6,361844.1561279297
2027-07-01,SLV_6,362197.8565673828
2027-10-01,SLV_6,362551.557006836
2028-01-01,SLV_6,362905.25744628906
2028-04-01,SLV_6,363242.3324890137
2028-07-01,SLV_6,363579.4075317383
2028-10-01,SLV_6,363916.4825744629
2029-01-01,SLV_6,364253.5576171875
2029-04-01,SLV_6,364578.4132385254
2029-07-01,SLV_6,364903.2688598633
2029-10-01,SLV_6,365228.1244812012
2030-01-01,SLV_6,365552.9801025391
2030-04-01,SLV_6,338055.9850769043
2030-07-01,SLV_6,310558.99005126953
2030-10-01,SLV_6,283061.9950256348
1992-01-01,SLV_7,255565.0
1992-04-01,SLV_7,255157.09247622284
1992-07-01,SLV_7,254749.18495244565
1992-10-01,SLV_7,254341.2774286685
1993-01-01,SLV_7,253933.3699048913
1993-04-01,SLV_7,253525.4623811141
1993-07-01,SLV_7,253117.55485733692
1993-10-01,SLV_7,252709.64733355973
1994-01-01,SLV_7,252301.7398097826
1994-04-01,SLV_7,251893.83228600543
1994-07-01,SLV_7,251485.92476222827
1994-10-01,SLV_7,251078.01723845108
1995-01-01,SLV_7,250670.10971467392
1995-04-01,SLV_7,250262.20219089676
1995-07-01,SLV_7,249854.2946671196
1995-10-01,SLV_7,249446.3871433424
1996-01-01,SLV_7,249038.4796195652
1996-04-01,SLV_7,248630.57209578803
1996-07-01,SLV_7,248222.6645720109
1996-10-01,SLV_7,247814.7570482337
1997-01-01,SLV_7,247406.8495244565
1997-04-01,SLV_7,246998.9420006793
1997-07-01,SLV_7,246591.03447690216
1997-10-01,SLV_7,246183.126953125
1998-01-01,SLV_7,245775.2194293478
1998-04-01,SLV_7,245367.31190557065
1998-07-01,SLV_7,244959.40438179343
1998-10-01,SLV_7,244551.4968580163
1999-01-01,SLV_7,244143.58933423916
1999-04-01,SLV_7,243735.681810462
1999-07-01,SLV_7,243327.7742866848
1999-10-01,SLV_7,242919.8667629076
2000-01-01,SLV_7,242511.95923913043
2000-04-01,SLV_7,242104.05171535327
2000-07-01,SLV_7,241696.14419157608
2000-10-01,SLV_7,241288.2366677989
2001-01-01,SLV_7,240880.32914402173
2001-04-01,SLV_7,240472.42162024457
2001-07-01,SLV_7,240064.51409646735
2001-10-01,SLV_7,239656.6065726902
2002-01-01,SLV_7,239248.69904891303
2002-04-01,SLV_7,238840.79152513584
2002-07-01,SLV_7,238432.8840013587
2002-10-01,SLV_7,238024.9764775815
2003-01-01,SLV_7,237617.06895380435
2003-04-01,SLV_7,237209.1614300272
2003-07-01,SLV_7,236801.25390625
2003-10-01,SLV_7,236393.34638247284
2004-01-01,SLV_7,235985.43885869565
2004-04-01,SLV_7,235577.5313349185
2004-07-01,SLV_7,235169.6238111413
2004-10-01,SLV_7,234761.7162873641
2005-01-01,SLV_7,234353.80876358692
2005-04-01,SLV_7,233945.90123980975
2005-07-01,SLV_7,233537.9937160326
2005-10-01,SLV_7,233130.08619225543
2006-01-01,SLV_7,232722.17866847827
2006-04-01,SLV_7,232314.27114470108
2006-07-01,SLV_7,231906.3636209239
2006-10-01,SLV_7,231498.45609714676
2007-01-01,SLV_7,231090.54857336957
2007-04-01,SLV_7,230682.6410495924
2007-07-01,SLV_7,230274.7335258152
2007-10-01,SLV_7,229866.82600203803
2008-01-01,SLV_7,229458.9184782609
2008-04-01,SLV_7,229051.0109544837
2008-07-01,SLV_7,228643.1034307065
2008-10-01,SLV_7,228235.19590692932
2009-01-01,SLV_7,227827.2883831522
2009-04-01,SLV_7,227419.380859375
2009-07-01,SLV_7,227011.47333559784
2009-10-01,SLV_7,226603.56581182068
2010-01-01,SLV_7,226195.6582880435
2010-04-01,SLV_7,225787.7507642663
2010-07-01,SLV_7,225379.84324048916
2010-10-01,SLV_7,224971.935716712
2011-01-01,SLV_7,224564.0281929348
2011-04-01,SLV_7,224156.1206691576
2011-07-01,SLV_7,223748.21314538043
2011-10-01,SLV_7,223340.30562160327
2012-01-01,SLV_7,222932.3980978261
2012-04-01,SLV_7,222524.49057404892
2012-07-01,SLV_7,222116.58305027176
2012-10-01,SLV_7,221708.67552649457
2013-01-01,SLV_7,221300.7680027174
2013-04-01,SLV_7,220892.86047894025
2013-07-01,SLV_7,220484.95295516303
2013-10-01,SLV_7,220077.04543138584
2014-01-01,SLV_7,219669.1379076087
2014-04-01,SLV_7,219261.23038383157
2014-07-01,SLV_7,218853.32286005435
2014-10-01,SLV_7,218445.4153362772
2015-01-01,SLV_7,218037.5078125
2015-04-01,SLV_7,218197.01818847656
2015-07-01,SLV_7,218356.52856445312
2015-10-01,SLV_7,218516.0389404297
2016-01-01,SLV_7,218675.54931640625
2016-04-01,SLV_7,218819.91735839844
2016-07-01,SLV_7,218964.28540039065
2016-10-01,SLV_7,219108.6534423828
2017-01-01,SLV_7,219253.021484375
2017-04-01,SLV_7,219335.3060913086
2017-07-01,SLV_7,219417.5906982422
2017-10-01,SLV_7,219499.87530517575
2018-01-01,SLV_7,219582.15991210935
2018-04-01,SLV_7,219612.63275146484
2018-07-01,SLV_7,219643.1055908203
2018-10-01,SLV_7,219673.57843017575
2019-01-01,SLV_7,219704.05126953125
2019-04-01,SLV_7,219719.87747192383
2019-07-01,SLV_7,219735.7036743164
2019-10-01,SLV_7,219751.52987670896
2020-01-01,SLV_7,219767.3560791016
2020-04-01,SLV_7,219971.40774536133
2020-07-01,SLV_7,220175.4594116211
2020-10-01,SLV_7,220379.5110778809
2021-01-01,SLV_7,220583.56274414065
2021-04-01,SLV_7,220753.7130432129
2021-07-01,SLV_7,220923.8633422852
2021-10-01,SLV_7,221094.01364135745
2022-01-01,SLV_7,221264.1639404297
2022-04-01,SLV_7,221529.1701965332
2022-07-01,SLV_7,221794.17645263672
2022-10-01,SLV_7,222059.18270874023
2023-01-01,SLV_7,222324.18896484372
2023-04-01,SLV_7,222579.1725769043
2023-07-01,SLV_7,222834.15618896484
2023-10-01,SLV_7,223089.1398010254
2024-01-01,SLV_7,223344.12341308597
2024-04-01,SLV_7,223596.29498291016
2024-07-01,SLV_7,223848.4665527344
2024-10-01,SLV_7,224100.6381225586
2025-01-01,SLV_7,224352.8096923828
2025-04-01,SLV_7,224585.3655395508
2025-07-01,SLV_7,224817.92138671875
2025-10-01,SLV_7,225050.47723388672
2026-01-01,SLV_7,225283.0330810547
2026-04-01,SLV_7,225507.57833862305
2026-07-01,SLV_7,225732.1235961914
2026-10-01,SLV_7,225956.66885375977
2027-01-01,SLV_7,226181.21411132807
2027-04-01,SLV_7,226403.94610595703
2027-07-01,SLV_7,226626.67810058597
2027-10-01,SLV_7,226849.41009521484
2028-01-01,SLV_7,227072.14208984372
2028-04-01,SLV_7,227284.34140014648
2028-07-01,SLV_7,227496.5407104492
2028-10-01,SLV_7,227708.74002075195
2029-01-01,SLV_7,227920.9393310547
2029-04-01,SLV_7,228125.76699829104
2029-07-01,SLV_7,228330.59466552731
2029-10-01,SLV_7,228535.42233276367
2030-01-01,SLV_7,228740.25
2030-04-01,SLV_7,211591.6875
2030-07-01,SLV_7,194443.125
2030-10-01,SLV_7,177294.5625
1992-01-01,SLV_8,160146.0
1992-04-01,SLV_8,160435.11697387695
1992-07-01,SLV_8,160724.2339477539
1992-10-01,SLV_8,161013.35092163086
1993-01-01,SLV_8,161302.4678955078
1993-04-01,SLV_8,161591.58486938477
1993-07-01,SLV_8,161880.70184326172
1993-10-01,SLV_8,162169.81881713867
1994-01-01,SLV_8,162458.93579101562
1994-04-01,SLV_8,162748.05276489258
1994-07-01,SLV_8,163037.16973876953
1994-10-01,SLV_8,163326.28671264648
1995-01-01,SLV_8,163615.40368652344
1995-04-01,SLV_8,163904.5206604004
1995-07-01,SLV_8,164193.63763427734
1995-10-01,SLV_8,164482.7546081543
1996-01-01,SLV_8,164771.87158203125
1996-04-01,SLV_8,165060.9885559082
1996-07-01,SLV_8,165350.10552978516
1996-10-01,SLV_8,165639.2225036621
1997-01-01,SLV_8,165928.33947753906
1997-04-01,SLV_8,166217.45645141602
1997-07-01,SLV_8,166506.57342529297
1997-10-01,SLV_8,166795.69039916992
1998-01-01,SLV_8,167084.80737304688
1998-04-01,SLV_8,167373.92434692383
1998-07-01,SLV_8,167663.04132080078
1998-10-01,SLV_8,167952.15829467773
1999-01-01,SLV_8,168241.2752685547
1999-04-01,SLV_8,168530.39224243164
1999-07-01,SLV_8,168819.5092163086
1999-10-01,SLV_8,169108.62619018555
2000-01-01,SLV_8,169397.7431640625
2000-04-01,SLV_8,169686.86013793945
2000-07-01,SLV_8,169975.9771118164
2000-10-01,SLV_8,170265.09408569336
2001-01-01,SLV_8,170554.2110595703
2001-04-01,SLV_8,170843.32803344727
2001-07-01,SLV_8,171132.44500732422
2001-10-01,SLV_8,171421.56198120117
2002-01-01,SLV_8,171710.67895507812
2002-04-01,SLV_8,171999.79592895508
2002-07-01,SLV_8,172288.91290283203
2002-10-01,SLV_8,172578.02987670898
2003-01-01,SLV_8,172867.14685058594
2003-04-01,SLV_8,173156.2638244629
2003-07-01,SLV_8,173445.38079833984
2003-10-01,SLV_8,173734.4977722168
2004-01-01,SLV_8,174023.61474609375
2004-04-01,SLV_8,174312.7317199707
2004-07-01,SLV_8,174601.84869384766
2004-10-01,SLV_8,174890.9656677246
2005-01-01,SLV_8,175180.08264160156
2005-04-01,SLV_8,175469.19961547852
2005-07-01,SLV_8,175758.31658935547
2005-10-01,SLV_8,176047.43356323242
2006-01-01,SLV_8,176336.55053710938
2006-04-01,SLV_8,176625.66751098633
2006-07-01,SLV_8,176914.78448486328
2006-10-01,SLV_8,177203.90145874023
2007-01-01,SLV_8,177493.0184326172
2007-04-01,SLV_8,177782.13540649414
2007-07-01,SLV_8,178071.2523803711
2007-10-01,SLV_8,178360.36935424805
2008-01-01,SLV_8,178649.486328125
2008-04-01,SLV_8,178938.60330200195
2008-07-01,SLV_8,179227.7202758789
2008-10-01,SLV_8,179516.83724975586
2009-01-01,SLV_8,179805.9542236328
2009-04-01,SLV_8,180095.07119750977
2009-07-01,SLV_8,180384.18817138672
2009-10-01,SLV_8,180673.30514526367
2010-01-01,SLV_8,180962.42211914065
2010-04-01,SLV_8,181251.5390930176
2010-07-01,SLV_8,181540.65606689453
2010-10-01,SLV_8,181829.77304077148
2011-01-01,SLV_8,182118.89001464844
2011-04-01,SLV_8,182408.0069885254
2011-07-01,SLV_8,182697.12396240237
2011-10-01,SLV_8,182986.2409362793
2012-01-01,SLV_8,183275.35791015625
2012-04-01,SLV_8,183564.4748840332
2012-07-01,SLV_8,183853.59185791016
2012-10-01,SLV_8,184142.7088317871
2013-01-01,SLV_8,184431.8258056641
2013-04-01,SLV_8,184720.94277954104
2013-07-01,SLV_8,185010.059753418
2013-10-01,SLV_8,185299.1767272949
2014-01-01,SLV_8,185588.29370117188
2014-04-01,SLV_8,185877.41067504883
2014-07-01,SLV_8,186166.52764892575
2014-10-01,SLV_8,186455.64462280276
2015-01-01,SLV_8,186744.7615966797
2015-04-01,SLV_8,186880.52200317383
2015-07-01,SLV_8,187016.282409668
2015-10-01,SLV_8,187152.0428161621
2016-01-01,SLV_8,187287.80322265625
2016-04-01,SLV_8,187410.4917602539
2016-07-01,SLV_8,187533.1802978516
2016-10-01,SLV_8,187655.8688354492
2017-01-01,SLV_8,187778.55737304688
2017-04-01,SLV_8,187847.80905151367
2017-07-01,SLV_8,187917.06072998047
2017-10-01,SLV_8,187986.31240844727
2018-01-01,SLV_8,188055.5640869141
2018-04-01,SLV_8,188080.38723754883
2018-07-01,SLV_8,188105.2103881836
2018-10-01,SLV_8,188130.0335388184
2019-01-01,SLV_8,188154.85668945312
2019-04-01,SLV_8,188167.16177368164
2019-07-01,SLV_8,188179.46685791016
2019-10-01,SLV_8,188191.77194213867
2020-01-01,SLV_8,188204.0770263672
2020-04-01,SLV_8,188378.1473388672
2020-07-01,SLV_8,188552.2176513672
2020-10-01,SLV_8,188726.2879638672
2021-01-01,SLV_8,188900.3582763672
2021-04-01,SLV_8,189045.3615722656
2021-07-01,SLV_8,189190.3648681641
2021-10-01,SLV_8,189335.3681640625
2022-01-01,SLV_8,189480.3714599609
2022-04-01,SLV_8,189706.2237548828
2022-07-01,SLV_8,189932.0760498047
2022-10-01,SLV_8,190157.92834472656
2023-01-01,SLV_8,190383.78063964844
2023-04-01,SLV_8,190600.74877929688
2023-07-01,SLV_8,190817.7169189453
2023-10-01,SLV_8,191034.68505859372
2024-01-01,SLV_8,191251.6531982422
2024-04-01,SLV_8,191466.28063964844
2024-07-01,SLV_8,191680.9080810547
2024-10-01,SLV_8,191895.5355224609
2025-01-01,SLV_8,192110.1629638672
2025-04-01,SLV_8,192308.0340576172
2025-07-01,SLV_8,192505.9051513672
2025-10-01,SLV_8,192703.7762451172
2026-01-01,SLV_8,192901.6473388672
2026-04-01,SLV_8,193092.7218017578
2026-07-01,SLV_8,193283.79626464844
2026-10-01,SLV_8,193474.87072753903
2027-01-01,SLV_8,193665.9451904297
2027-04-01,SLV_8,193855.36798095703
2027-07-01,SLV_8,194044.7907714844
2027-10-01,SLV_8,194234.2135620117
2028-01-01,SLV_8,194423.63635253903
2028-04-01,SLV_8,194604.1232910156
2028-07-01,SLV_8,194784.6102294922
2028-10-01,SLV_8,194965.09716796875
2029-01-01,SLV_8,195145.5841064453
2029-04-01,SLV_8,195319.64434814453
2029-07-01,SLV_8,195493.70458984372
2029-10-01,SLV_8,195667.76483154297
2030-01-01,SLV_8,195841.8250732422
2030-04-01,SLV_8,247734.11880493164
2030-07-01,SLV_8,299626.4125366211
2030-10-01,SLV_8,351518.7062683106
1992-01-01,SLV_9,403411.00000000006
1992-04-01,SLV_9,403897.756002675
1992-07-01,SLV_9,404384.51200534985
1992-10-01,SLV_9,404871.2680080248
1993-01-01,SLV_9,405358.0240106997
1993-04-01,SLV_9,405844.7800133746
1993-07-01,SLV_9,406331.5360160496
1993-10-01,SLV_9,406818.29201872455
1994-01-01,SLV_9,407305.0480213995
1994-04-01,SLV_9,407791.8040240744
1994-07-01,SLV_9,408278.5600267493
1994-10-01,SLV_9,408765.31602942426
1995-01-01,SLV_9,409252.0720320992
1995-04-01,SLV_9,409738.8280347741
1995-07-01,SLV_9,410225.584037449
1995-10-01,SLV_9,410712.340040124
1996-01-01,SLV_9,411199.0960427989
1996-04-01,SLV_9,411685.8520454738
1996-07-01,SLV_9,412172.6080481488
1996-10-01,SLV_9,412659.3640508237
1997-01-01,SLV_9,413146.12005349866
1997-04-01,SLV_9,413632.8760561736
1997-07-01,SLV_9,414119.6320588485
1997-10-01,SLV_9,414606.3880615234
1998-01-01,SLV_9,415093.1440641984
1998-04-01,SLV_9,415579.9000668733
1998-07-01,SLV_9,416066.6560695482
1998-10-01,SLV_9,416553.4120722232
1999-01-01,SLV_9,417040.1680748981
1999-04-01,SLV_9,417526.92407757306
1999-07-01,SLV_9,418013.680080248
1999-10-01,SLV_9,418500.4360829229
2000-01-01,SLV_9,418987.1920855978
2000-04-01,SLV_9,419473.9480882728
2000-07-01,SLV_9,419960.70409094775
2000-10-01,SLV_9,420447.4600936227
2001-01-01,SLV_9,420934.2160962976
2001-04-01,SLV_9,421420.9720989725
2001-07-01,SLV_9,421907.72810164746
2001-10-01,SLV_9,422394.4841043223
2002-01-01,SLV_9,422881.24010699725
2002-04-01,SLV_9,423367.9961096722
2002-07-01,SLV_9,423854.7521123472
2002-10-01,SLV_9,424341.5081150221
2003-01-01,SLV_9,424828.264117697
2003-04-01,SLV_9,425315.020120372
2003-07-01,SLV_9,425801.7761230469
2003-10-01,SLV_9,426288.5321257218
2004-01-01,SLV_9,426775.2881283967
2004-04-01,SLV_9,427262.04413107166
2004-07-01,SLV_9,427748.8001337466
2004-10-01,SLV_9,428235.5561364216
2005-01-01,SLV_9,428722.3121390965
2005-04-01,SLV_9,429209.0681417714
2005-07-01,SLV_9,429695.8241444464
2005-10-01,SLV_9,430182.5801471213
2006-01-01,SLV_9,430669.3361497962
2006-04-01,SLV_9,431156.09215247113
2006-07-01,SLV_9,431642.84815514606
2006-10-01,SLV_9,432129.604157821
2007-01-01,SLV_9,432616.3601604959
2007-04-01,SLV_9,433103.1161631709
2007-07-01,SLV_9,433589.87216584577
2007-10-01,SLV_9,434076.6281685207
2008-01-01,SLV_9,434563.3841711956
2008-04-01,SLV_9,435050.14017387055
2008-07-01,SLV_9,435536.89617654553
2008-10-01,SLV_9,436023.65217922046
2009-01-01,SLV_9,436510.4081818954
2009-04-01,SLV_9,436997.1641845703
2009-07-01,SLV_9,437483.9201872453
2009-10-01,SLV_9,437970.67618992017
2010-01-01,SLV_9,438457.4321925951
2010-04-01,SLV_9,438944.18819527
2010-07-01,SLV_9,439430.94419794495
2010-10-01,SLV_9,439917.7002006199
2011-01-01,SLV_9,440404.4562032948
2011-04-01,SLV_9,440891.2122059697
2011-07-01,SLV_9,441377.9682086447
2011-10-01,SLV_9,441864.7242113197
2012-01-01,SLV_9,442351.48021399457
2012-04-01,SLV_9,442838.2362166695
2012-07-01,SLV_9,443324.9922193444
2012-10-01,SLV_9,443811.74822201935
2013-01-01,SLV_9,444298.5042246943
2013-04-01,SLV_9,444785.2602273692
2013-07-01,SLV_9,445272.0162300442
2013-10-01,SLV_9,445758.7722327191
2014-01-01,SLV_9,446245.5282353941
2014-04-01,SLV_9,446732.28423806897
2014-07-01,SLV_9,447219.0402407439
2014-10-01,SLV_9,447705.7962434188
2015-01-01,SLV_9,448192.55224609375
2015-04-01,SLV_9,448517.6876220703
2015-07-01,SLV_9,448842.8229980469
2015-10-01,SLV_9,449167.9583740234
2016-01-01,SLV_9,449493.09375
2016-04-01,SLV_9,449786.83557128906
2016-07-01,SLV_9,450080.5773925781
2016-10-01,SLV_9,450374.3192138672
2017-01-01,SLV_9,450668.06103515625
2017-04-01,SLV_9,450833.94177246094
2017-07-01,SLV_9,450999.8225097656
2017-10-01,SLV_9,451165.7032470703
2018-01-01,SLV_9,451331.583984375
2018-04-01,SLV_9,451390.8524169922
2018-07-01,SLV_9,451450.1208496094
2018-10-01,SLV_9,451509.38928222656
2019-01-01,SLV_9,451568.65771484375
2019-04-01,SLV_9,451597.88903808594
2019-07-01,SLV_9,451627.1203613281
2019-10-01,SLV_9,451656.3516845703
2020-01-01,SLV_9,451685.5830078125
2020-04-01,SLV_9,452102.3671875
2020-07-01,SLV_9,452519.1513671875
2020-10-01,SLV_9,452935.935546875
2021-01-01,SLV_9,453352.7197265625
2021-04-01,SLV_9,453699.7935180664
2021-07-01,SLV_9,454046.8673095703
2021-10-01,SLV_9,454393.9411010742
2022-01-01,SLV_9,454741.0148925781
2022-04-01,SLV_9,455282.2565307617
2022-07-01,SLV_9,455823.4981689453
2022-10-01,SLV_9,456364.7398071289
2023-01-01,SLV_9,456905.9814453125
2023-04-01,SLV_9,457426.0608520508
2023-07-01,SLV_9,457946.14025878906
2023-10-01,SLV_9,458466.21966552734
2024-01-01,SLV_9,458986.2990722656
2024-04-01,SLV_9,459500.8482666016
2024-07-01,SLV_9,460015.3974609375
2024-10-01,SLV_9,460529.94665527344
2025-01-01,SLV_9,461044.4958496094
2025-04-01,SLV_9,461518.8666992188
2025-07-01,SLV_9,461993.2375488281
2025-10-01,SLV_9,462467.6083984375
2026-01-01,SLV_9,462941.9792480469
2026-04-01,SLV_9,463399.8333740234
2026-07-01,SLV_9,463857.6875
2026-10-01,SLV_9,464315.54162597656
2027-01-01,SLV_9,464773.3957519531
2027-04-01,SLV_9,465227.24755859375
2027-07-01,SLV_9,465681.0993652344
2027-10-01,SLV_9,466134.951171875
2028-01-01,SLV_9,466588.8029785156
2028-04-01,SLV_9,467021.3001098633
2028-07-01,SLV_9,467453.7972412109
2028-10-01,SLV_9,467886.2943725586
2029-01-01,SLV_9,468318.7915039063
2029-04-01,SLV_9,468735.9740600586
2029-07-01,SLV_9,469153.1566162109
2029-10-01,SLV_9,469570.3391723633
2030-01-01,SLV_9,469987.5217285156
2030-04-01,SLV_9,469987.5217285156
2030-07-01,SLV_9,469987.5217285156
2030-10-01,SLV_9,469987.5217285156
